title,link,content
/,/
整个中国就是一个山寨（翻译by 逆转录猴子 已被和谐）	https://www.douban.com/note/2605548/	1	整个中国就是一个山寨（翻译by 逆转录猴子 已被和谐）,https://www.douban.com/note/2605548/
从电脑里跑出来的模型	https://www.douban.com/note/731495852/	2	从电脑里跑出来的模型,https://www.douban.com/note/731495852/
如果巴菲特在中国，他的组合会是……	https://zhuanlan.zhihu.com/p/2018743992540471581	3	如果巴菲特在中国，他的组合会是……,https://zhuanlan.zhihu.com/p/2018743992540471581
what's this	https://www.douban.com/note/10019524/	4	what's this,https://www.douban.com/note/10019524/
“诗史”：对文学批评的批评	https://www.douban.com/note/270065751/	5	“诗史”：对文学批评的批评,https://www.douban.com/note/270065751/
2026/3/9-一周内参；写在战争进行时	https://zhuanlan.zhihu.com/p/2014175857032328602	6	2026/3/9-一周内参；写在战争进行时,https://zhuanlan.zhihu.com/p/2014175857032328602
见到阿北了，很开心～	https://www.douban.com/note/20140495/	7	见到阿北了，很开心～,https://www.douban.com/note/20140495/
谢尔盖·巴蒲金---孩子	https://www.douban.com/note/186406661/	8	谢尔盖·巴蒲金---孩子,https://www.douban.com/note/186406661/
点金术II-如何正确使用梯级建仓（网格交易）	https://zhuanlan.zhihu.com/p/2010861411224544423	9	点金术II-如何正确使用梯级建仓（网格交易）,https://zhuanlan.zhihu.com/p/2010861411224544423
一个关于《画皮》的豆瓣和校内电影对比截图	https://www.douban.com/note/20467424/	10	一个关于《画皮》的豆瓣和校内电影对比截图,https://www.douban.com/note/20467424/
牛皮圈地的传说	https://www.douban.com/note/250270327/	11	牛皮圈地的传说,https://www.douban.com/note/250270327/
点金术PLUS版-2026的稳妥选择	https://zhuanlan.zhihu.com/p/2003136071131763898	12	点金术PLUS版-2026的稳妥选择,https://zhuanlan.zhihu.com/p/2003136071131763898
web2.0,SNS and UGC——模糊的陷阱	https://www.douban.com/note/21182356/	13	web2.0,SNS and UGC——模糊的陷阱,https://www.douban.com/note/21182356/
古洞之殇	https://www.douban.com/note/506085776/	14	古洞之殇,https://www.douban.com/note/506085776/
如何通过ETF获得稳定的复利	https://zhuanlan.zhihu.com/p/2000732227324098306	15	如何通过ETF获得稳定的复利,https://zhuanlan.zhihu.com/p/2000732227324098306
精辟	https://www.douban.com/note/21790806/	16	精辟,https://www.douban.com/note/21790806/
他·的毕业	https://www.douban.com/note/153083803/	17	他·的毕业,https://www.douban.com/note/153083803/
业余新人如何打平职业选手	https://zhuanlan.zhihu.com/p/1992724823659549101	18	业余新人如何打平职业选手,https://zhuanlan.zhihu.com/p/1992724823659549101
老张	https://www.douban.com/note/22030773/	19	老张,https://www.douban.com/note/22030773/
保守年代	https://www.douban.com/note/225883657/	20	保守年代,https://www.douban.com/note/225883657/
入门即是焚决，大学老师教你一小时速成技术大牛（附图文实战讲解）	https://zhuanlan.zhihu.com/p/1988026574977663607	21	入门即是焚决，大学老师教你一小时速成技术大牛（附图文实战讲解）,https://zhuanlan.zhihu.com/p/1988026574977663607
十年前的北大（一个师姐写的，忍不住要转过来）	https://www.douban.com/note/22292935/	22	十年前的北大（一个师姐写的，忍不住要转过来）,https://www.douban.com/note/22292935/
我为什么不预测未来	https://www.douban.com/note/605234763/	23	我为什么不预测未来,https://www.douban.com/note/605234763/
人形机器人，现在能帮你做家务了么？	https://zhuanlan.zhihu.com/p/1984275883503149142	24	人形机器人，现在能帮你做家务了么？,https://zhuanlan.zhihu.com/p/1984275883503149142
由豆瓣为什么没有使用偏好设置说开去	https://www.douban.com/note/22981445/	25	由豆瓣为什么没有使用偏好设置说开去,https://www.douban.com/note/22981445/
（张一的日记）百花深处	https://www.douban.com/note/810138571/	26	（张一的日记）百花深处,https://www.douban.com/note/810138571/
要不要买商铺	https://zhuanlan.zhihu.com/p/1966352636954539508	27	要不要买商铺,https://zhuanlan.zhihu.com/p/1966352636954539508
27天决定科幻界命运起伏	https://www.douban.com/note/30773092/	28	27天决定科幻界命运起伏,https://www.douban.com/note/30773092/
三日谈	https://www.douban.com/note/429789308/	29	三日谈,https://www.douban.com/note/429789308/
别再纠结生育率了……	https://zhuanlan.zhihu.com/p/1948426685641893523	30	别再纠结生育率了……,https://zhuanlan.zhihu.com/p/1948426685641893523
这个以前看过一次。。。	https://www.douban.com/note/34612429/	31	这个以前看过一次。。。,https://www.douban.com/note/34612429/
荒野大表哥	https://www.douban.com/note/623764836/	32	荒野大表哥,https://www.douban.com/note/623764836/
黄金是否可空	https://zhuanlan.zhihu.com/p/1895862396972685297	33	黄金是否可空,https://zhuanlan.zhihu.com/p/1895862396972685297
关于豆瓣，两三句	https://www.douban.com/note/43714921/	34	关于豆瓣，两三句,https://www.douban.com/note/43714921/
看了二十多年世界杯的我和一些眼泪	https://www.douban.com/note/842365394/	35	看了二十多年世界杯的我和一些眼泪,https://www.douban.com/note/842365394/
2025.我个人的A股组合	https://zhuanlan.zhihu.com/p/20417948709	36	2025.我个人的A股组合,https://zhuanlan.zhihu.com/p/20417948709
快女在豆瓣小组的人气排名	https://www.douban.com/note/44006200/	37	快女在豆瓣小组的人气排名,https://www.douban.com/note/44006200/
张晖早年信札选	https://www.douban.com/note/269688965/	38	张晖早年信札选,https://www.douban.com/note/269688965/
加拿大人李嘉诚的港口卖掉了没有？	https://www.zhihu.com/question/1905680199225421898/answer/1941621910002709817	39	加拿大人李嘉诚的港口卖掉了没有？,https://www.zhihu.com/question/1905680199225421898/answer/1941621910002709817
亚洲时间	https://www.douban.com/note/47849165/	40	亚洲时间,https://www.douban.com/note/47849165/
成功学 非欧几何与特斯拉	https://www.douban.com/note/777030638/	41	成功学 非欧几何与特斯拉,https://www.douban.com/note/777030638/
为什么几百万买学区房，而不是留给孩子吃利息呢？	https://www.zhihu.com/question/1974445231194805535/answer/1975708745070817667	42	为什么几百万买学区房，而不是留给孩子吃利息呢？,https://www.zhihu.com/question/1974445231194805535/answer/1975708745070817667
我最喜爱的	https://www.douban.com/note/48844082/	43	我最喜爱的,https://www.douban.com/note/48844082/
蓝黑	https://www.douban.com/note/625912714/	44	蓝黑,https://www.douban.com/note/625912714/
用一两万炒股有意义吗？	https://www.zhihu.com/question/599033617/answer/1948180340750394600	45	用一两万炒股有意义吗？,https://www.zhihu.com/question/599033617/answer/1948180340750394600
雪地里的仙人掌	https://www.douban.com/note/50940530/	46	雪地里的仙人掌,https://www.douban.com/note/50940530/
伤官心性王闿运，一代名士自风流	https://www.douban.com/note/765978449/	47	伤官心性王闿运，一代名士自风流,https://www.douban.com/note/765978449/
我认为婚后生活质量必然下降，但很多女孩没意识到这点，请问各位怎么看？	https://www.zhihu.com/question/281893853/answer/3502844172	48	我认为婚后生活质量必然下降，但很多女孩没意识到这点，请问各位怎么看？,https://www.zhihu.com/question/281893853/answer/3502844172
一段文字	https://www.douban.com/note/53542559/	49	一段文字,https://www.douban.com/note/53542559/
莫斯科郊外的杀手	https://www.douban.com/note/703858667/	50	莫斯科郊外的杀手,https://www.douban.com/note/703858667/
中国的房价会怎么收场？	https://www.zhihu.com/question/441606929/answer/1734993963	51	中国的房价会怎么收场？,https://www.zhihu.com/question/441606929/answer/1734993963
节选	https://www.douban.com/note/54868952/	52	节选,https://www.douban.com/note/54868952/
出门上路，西伯利亚的女货车司机们	https://www.douban.com/note/766485238/	53	出门上路，西伯利亚的女货车司机们,https://www.douban.com/note/766485238/
嘉兴是一座怎样的城市？	https://www.zhihu.com/question/320644822/answer/1737930689	54	嘉兴是一座怎样的城市？,https://www.zhihu.com/question/320644822/answer/1737930689
周老师	https://www.douban.com/note/57907758/	55	周老师,https://www.douban.com/note/57907758/
伤	https://www.douban.com/note/174469423/	56	伤,https://www.douban.com/note/174469423/
音乐人如何看待 suno？	https://www.zhihu.com/question/654113500/answer/1961992102230597995	57	音乐人如何看待 suno？,https://www.zhihu.com/question/654113500/answer/1961992102230597995
老赵	https://www.douban.com/note/61579356/	58	老赵,https://www.douban.com/note/61579356/
他人事	https://www.douban.com/note/237958795/	59	他人事,https://www.douban.com/note/237958795/
一直失业低收入，买不起房子，老家又容不下我，害怕晚年流浪街头，只能去鹤岗买房子，不知道能否适应寒冷？	https://www.zhihu.com/question/641676621/answer/3402743850	60	一直失业低收入，买不起房子，老家又容不下我，害怕晚年流浪街头，只能去鹤岗买房子，不知道能否适应寒冷？,https://www.zhihu.com/question/641676621/answer/3402743850
徐三按摩奇遇记	https://www.douban.com/note/585407383/	61	徐三按摩奇遇记,https://www.douban.com/note/585407383/
中国人为何选择了面条	https://www.douban.com/note/357128193/	62	中国人为何选择了面条,https://www.douban.com/note/357128193/
为什么提傅首尔面相而忽略一件事情的本质呢？	https://www.zhihu.com/question/3795530525/answer/57369513173	63	为什么提傅首尔面相而忽略一件事情的本质呢？,https://www.zhihu.com/question/3795530525/answer/57369513173
徐三的车	https://www.douban.com/note/587512106/	64	徐三的车,https://www.douban.com/note/587512106/
离开宇宙我们无法生存	https://www.douban.com/note/656641182/	65	离开宇宙我们无法生存,https://www.douban.com/note/656641182/
成龙实际打起来有多能打？	https://www.zhihu.com/question/30876851/answer/3426511978	66	成龙实际打起来有多能打？,https://www.zhihu.com/question/30876851/answer/3426511978
徐四的爱情	https://www.douban.com/note/587512377/	67	徐四的爱情,https://www.douban.com/note/587512377/
南方草木状	https://www.douban.com/note/433763661/	68	南方草木状,https://www.douban.com/note/433763661/
听说资本已经在围剿中医药，我们该如何应对？	https://www.zhihu.com/question/598704195/answer/1961154649764657021	69	听说资本已经在围剿中医药，我们该如何应对？,https://www.zhihu.com/question/598704195/answer/1961154649764657021
徐三买房记	https://www.douban.com/note/587512514/	70	徐三买房记,https://www.douban.com/note/587512514/
马爷	https://www.douban.com/note/793734491/	71	马爷,https://www.douban.com/note/793734491/
有没有大佬预言一下未来5-10年的风口?	https://www.zhihu.com/question/1934317826811880155/answer/1969654500726907494	72	有没有大佬预言一下未来5-10年的风口?,https://www.zhihu.com/question/1934317826811880155/answer/1969654500726907494
打底裤女郎	https://www.douban.com/note/588414808/	73	打底裤女郎,https://www.douban.com/note/588414808/
泰兴的年	https://www.douban.com/note/862905174/	74	泰兴的年,https://www.douban.com/note/862905174/
2025 年高考，为啥大家反应冷淡得出奇？	https://www.zhihu.com/question/1914745444505977568/answer/1916700323063531312	75	2025 年高考，为啥大家反应冷淡得出奇？,https://www.zhihu.com/question/1914745444505977568/answer/1916700323063531312
中戏写作课残酷语录:杨健老师	https://www.douban.com/note/588584742/	76	中戏写作课残酷语录:杨健老师,https://www.douban.com/note/588584742/
旧屋	https://www.douban.com/note/843463939/	77	旧屋,https://www.douban.com/note/843463939/
为什么五月天被质疑假唱会引起这么大的风波？	https://www.zhihu.com/question/633315420/answer/3314876192	78	为什么五月天被质疑假唱会引起这么大的风波？,https://www.zhihu.com/question/633315420/answer/3314876192
我原来读书读的那么粗糙	https://www.douban.com/note/588943360/	79	我原来读书读的那么粗糙,https://www.douban.com/note/588943360/
人人都是原教旨主义者	https://www.douban.com/note/260649544/	80	人人都是原教旨主义者,https://www.douban.com/note/260649544/
2025年有机会再来一次10年前的大放水，让楼价再次上涨吗？	https://www.zhihu.com/question/1901571428383462704/answer/1903506458642985419	81	2025年有机会再来一次10年前的大放水，让楼价再次上涨吗？,https://www.zhihu.com/question/1901571428383462704/answer/1903506458642985419
徐三变装记	https://www.douban.com/note/589852918/	82	徐三变装记,https://www.douban.com/note/589852918/
地图的隐喻	https://www.douban.com/note/167451184/	83	地图的隐喻,https://www.douban.com/note/167451184/
2025.我个人的A股组合	https://zhuanlan.zhihu.com/p/20417948709	84	2025.我个人的A股组合,https://zhuanlan.zhihu.com/p/20417948709
中戏写作课残酷语录	https://www.douban.com/note/590139159/	85	中戏写作课残酷语录,https://www.douban.com/note/590139159/
老李和老张	https://www.douban.com/note/375909521/	86	老李和老张,https://www.douban.com/note/375909521/
黄金是否可空	https://zhuanlan.zhihu.com/p/1895862396972685297	87	黄金是否可空,https://zhuanlan.zhihu.com/p/1895862396972685297
孔子的老婆	https://www.douban.com/note/592255554/	88	孔子的老婆,https://www.douban.com/note/592255554/
一切都会好起来的	https://www.douban.com/note/718603173/	89	一切都会好起来的,https://www.douban.com/note/718603173/
为什么学历会突然这么没用呢？	https://www.zhihu.com/question/1953123194316756984/answer/1957605227898333104	90	为什么学历会突然这么没用呢？,https://www.zhihu.com/question/1953123194316756984/answer/1957605227898333104
可惜我是个浪子啊	https://www.douban.com/note/594094876/	91	可惜我是个浪子啊,https://www.douban.com/note/594094876/
西湖	https://www.douban.com/note/225946260/	92	西湖,https://www.douban.com/note/225946260/
如何看待长江电力最新股东户数翻倍增加？	https://www.zhihu.com/question/1952051684525193036/answer/1953102582609322986	93	如何看待长江电力最新股东户数翻倍增加？,https://www.zhihu.com/question/1952051684525193036/answer/1953102582609322986
罗曼蒂克消亡史：抱抱就抱抱	https://www.douban.com/note/597656273/	94	罗曼蒂克消亡史：抱抱就抱抱,https://www.douban.com/note/597656273/
没有神介入的正义	https://www.douban.com/note/329995518/	95	没有神介入的正义,https://www.douban.com/note/329995518/
听说资本已经在围剿中医药，我们该如何应对？	https://www.zhihu.com/question/598704195/answer/1961154649764657021	96	听说资本已经在围剿中医药，我们该如何应对？,https://www.zhihu.com/question/598704195/answer/1961154649764657021
身家过亿之后	https://www.douban.com/note/598430193/	97	身家过亿之后,https://www.douban.com/note/598430193/
向国家资本主义过渡时期的童年布景照	https://www.douban.com/note/808875325/	98	向国家资本主义过渡时期的童年布景照,https://www.douban.com/note/808875325/
有没有大佬预言一下未来5-10年的风口?	https://www.zhihu.com/question/1934317826811880155/answer/1969654500726907494	99	有没有大佬预言一下未来5-10年的风口?,https://www.zhihu.com/question/1934317826811880155/answer/1969654500726907494
新房	https://www.douban.com/note/598878844/	100	新房,https://www.douban.com/note/598878844/
父爱，母爱，和普通人的情感	https://www.douban.com/note/672191410/	101	父爱，母爱，和普通人的情感,https://www.douban.com/note/672191410/
2025 年高考，为啥大家反应冷淡得出奇？	https://www.zhihu.com/question/1914745444505977568/answer/1916700323063531312	102	2025 年高考，为啥大家反应冷淡得出奇？,https://www.zhihu.com/question/1914745444505977568/answer/1916700323063531312
迟到的年终总结	https://www.douban.com/note/601148969/	103	迟到的年终总结,https://www.douban.com/note/601148969/
激情燃烧的岁月	https://www.douban.com/note/274505960/	104	激情燃烧的岁月,https://www.douban.com/note/274505960/
为什么五月天被质疑假唱会引起这么大的风波？	https://www.zhihu.com/question/633315420/answer/3314876192	105	为什么五月天被质疑假唱会引起这么大的风波？,https://www.zhihu.com/question/633315420/answer/3314876192
活好，在CBD	https://www.douban.com/note/601403497/	106	活好，在CBD,https://www.douban.com/note/601403497/
从未来主义到恐怖猎奇：苏俄影视中的魔怪设定	https://www.douban.com/note/656785493/	107	从未来主义到恐怖猎奇：苏俄影视中的魔怪设定,https://www.douban.com/note/656785493/
2025年有机会再来一次10年前的大放水，让楼价再次上涨吗？	https://www.zhihu.com/question/1901571428383462704/answer/1903506458642985419	108	2025年有机会再来一次10年前的大放水，让楼价再次上涨吗？,https://www.zhihu.com/question/1901571428383462704/answer/1903506458642985419
周星驰的电影品格	https://www.douban.com/note/604385716/	109	周星驰的电影品格,https://www.douban.com/note/604385716/
天边与眼前	https://www.douban.com/note/198630350/	110	天边与眼前,https://www.douban.com/note/198630350/
2025.我个人的A股组合	https://zhuanlan.zhihu.com/p/20417948709	111	2025.我个人的A股组合,https://zhuanlan.zhihu.com/p/20417948709
文科难，一不小心就变成嘴炮	https://www.douban.com/note/604636967/	112	文科难，一不小心就变成嘴炮,https://www.douban.com/note/604636967/
纸的哭	https://www.douban.com/note/185590917/	113	纸的哭,https://www.douban.com/note/185590917/
黄金是否可空	https://zhuanlan.zhihu.com/p/1895862396972685297	114	黄金是否可空,https://zhuanlan.zhihu.com/p/1895862396972685297
平行世界的生活	https://www.douban.com/note/604875496/	115	平行世界的生活,https://www.douban.com/note/604875496/
面向内陆	https://www.douban.com/note/150346132/	116	面向内陆,https://www.douban.com/note/150346132/
为什么学历会突然这么没用呢？	https://www.zhihu.com/question/1953123194316756984/answer/1957605227898333104	117	为什么学历会突然这么没用呢？,https://www.zhihu.com/question/1953123194316756984/answer/1957605227898333104
赵四小姐	https://www.douban.com/note/606069854/	118	赵四小姐,https://www.douban.com/note/606069854/
出水莲花	https://www.douban.com/note/814202720/	119	出水莲花,https://www.douban.com/note/814202720/
如何看待长江电力最新股东户数翻倍增加？	https://www.zhihu.com/question/1952051684525193036/answer/1953102582609322986	120	如何看待长江电力最新股东户数翻倍增加？,https://www.zhihu.com/question/1952051684525193036/answer/1953102582609322986
孤独的陈捍东，悲伤的陈捍东	https://www.douban.com/note/606804336/	121	孤独的陈捍东，悲伤的陈捍东,https://www.douban.com/note/606804336/
赵氏孤儿	https://www.douban.com/note/131848094/	122	赵氏孤儿,https://www.douban.com/note/131848094/
儿子被大学退学，呆在家里啥也不干，我们该怎么办？	https://www.zhihu.com/question/622014984/answer/89620992218	123	儿子被大学退学，呆在家里啥也不干，我们该怎么办？,https://www.zhihu.com/question/622014984/answer/89620992218
我们总是陷在催眠里，自己却不知道	https://www.douban.com/note/608022995/	124	我们总是陷在催眠里，自己却不知道,https://www.douban.com/note/608022995/
被描写的中国	https://www.douban.com/note/43470796/	125	被描写的中国,https://www.douban.com/note/43470796/
真正的黑社会是什么样子的呢？	https://www.zhihu.com/question/309497049/answer/1937750641473746349	126	真正的黑社会是什么样子的呢？,https://www.zhihu.com/question/309497049/answer/1937750641473746349
嫁妆	https://www.douban.com/note/610760907/	127	嫁妆,https://www.douban.com/note/610760907/
S－21	https://www.douban.com/note/38838505/	128	S－21,https://www.douban.com/note/38838505/
中国房价最终会崩盘吗？（下一个 茶话股经）	https://www.zhihu.com/question/62145336/answer/197843236	129	中国房价最终会崩盘吗？（下一个 茶话股经）,https://www.zhihu.com/question/62145336/answer/197843236
师恋－小镇系列一	https://www.douban.com/note/613643142/	130	师恋－小镇系列一,https://www.douban.com/note/613643142/
陈羽凡八字	https://www.douban.com/note/616207954/	131	陈羽凡八字,https://www.douban.com/note/616207954/
纯露的审美意义	https://www.douban.com/note/615167549/	133	纯露的审美意义,https://www.douban.com/note/615167549/
北归	https://www.douban.com/note/601592434/	134	北归,https://www.douban.com/note/601592434/
关于《万寿寺》的胡说八道	https://www.douban.com/note/615482402/	136	关于《万寿寺》的胡说八道,https://www.douban.com/note/615482402/
与少儿游	https://www.douban.com/note/876949767/	137	与少儿游,https://www.douban.com/note/876949767/
成不了一流，怎么办？	https://www.douban.com/note/615638226/	139	成不了一流，怎么办？,https://www.douban.com/note/615638226/
Григорий Григорьевич Нелюбов	https://www.douban.com/note/238909783/	140	Григорий Григорьевич Нелюбов,https://www.douban.com/note/238909783/
小六外传－小镇系列2	https://www.douban.com/note/616862521/	142	小六外传－小镇系列2,https://www.douban.com/note/616862521/
塞万湖、疗养院、灰飞烟灭的20世纪	https://www.douban.com/note/836389859/	143	塞万湖、疗养院、灰飞烟灭的20世纪,https://www.douban.com/note/836389859/
学徒日记一	https://www.douban.com/note/617898539/	145	学徒日记一,https://www.douban.com/note/617898539/
景观生产	https://www.douban.com/note/227131722/	146	景观生产,https://www.douban.com/note/227131722/
学徒日记二	https://www.douban.com/note/618847588/	148	学徒日记二,https://www.douban.com/note/618847588/
普希金：献给瘟疫的赞歌	https://www.douban.com/note/721507109/	149	普希金：献给瘟疫的赞歌,https://www.douban.com/note/721507109/
学徒日记三	https://www.douban.com/note/619522319/	151	学徒日记三,https://www.douban.com/note/619522319/
Z城关键词	https://www.douban.com/note/299059767/	152	Z城关键词,https://www.douban.com/note/299059767/
母亲	https://www.douban.com/note/619716956/	154	母亲,https://www.douban.com/note/619716956/
任何表述都有赖于他人的沉默	https://www.douban.com/note/147228245/	155	任何表述都有赖于他人的沉默,https://www.douban.com/note/147228245/
大将军破马	https://www.douban.com/note/619971873/	157	大将军破马,https://www.douban.com/note/619971873/
南京	https://www.douban.com/note/184686843/	158	南京,https://www.douban.com/note/184686843/
关于上海的记忆片段	https://www.douban.com/note/620333865/	160	关于上海的记忆片段,https://www.douban.com/note/620333865/
三则彻底过时的寓言故事，来自伊万·克雷洛夫	https://www.douban.com/note/753698279/	161	三则彻底过时的寓言故事，来自伊万·克雷洛夫,https://www.douban.com/note/753698279/
装修	https://www.douban.com/note/620564907/	163	装修,https://www.douban.com/note/620564907/
中国西进欧洲	https://www.douban.com/note/129804671/	164	中国西进欧洲,https://www.douban.com/note/129804671/
小娥	https://www.douban.com/note/620769723/	166	小娥,https://www.douban.com/note/620769723/
情节	https://www.douban.com/note/30200455/	167	情节,https://www.douban.com/note/30200455/
上海与石头	https://www.douban.com/note/623573260/	169	上海与石头,https://www.douban.com/note/623573260/
小说会消失吗？	https://www.douban.com/note/840432539/	170	小说会消失吗？,https://www.douban.com/note/840432539/
工作第一年（一）	https://www.douban.com/note/623720759/	172	工作第一年（一）,https://www.douban.com/note/623720759/
被选中的人	https://www.douban.com/note/761203223/	173	被选中的人,https://www.douban.com/note/761203223/
工作第一年（二）	https://www.douban.com/note/623896785/	175	工作第一年（二）,https://www.douban.com/note/623896785/
春天的马	https://www.douban.com/note/30292077/	176	春天的马,https://www.douban.com/note/30292077/
工作第一年（三）	https://www.douban.com/note/624037885/	178	工作第一年（三）,https://www.douban.com/note/624037885/
海洋中国的兴起	https://www.douban.com/note/182741348/	179	海洋中国的兴起,https://www.douban.com/note/182741348/
工作第一年（四）	https://www.douban.com/note/624179378/	181	工作第一年（四）,https://www.douban.com/note/624179378/
消失的摩尔多瓦农民肖像（1955-1973）	https://www.douban.com/note/843615830/	182	消失的摩尔多瓦农民肖像（1955-1973）,https://www.douban.com/note/843615830/
工作第一年（五）	https://www.douban.com/note/624464660/	184	工作第一年（五）,https://www.douban.com/note/624464660/
无花果	https://www.douban.com/note/580006205/	185	无花果,https://www.douban.com/note/580006205/
工作第一年（六）	https://www.douban.com/note/624780514/	187	工作第一年（六）,https://www.douban.com/note/624780514/
柏林墙倒塌30周年：两次在墙上画《兄弟之吻》的艺术家	https://www.douban.com/note/741289390/	188	柏林墙倒塌30周年：两次在墙上画《兄弟之吻》的艺术家,https://www.douban.com/note/741289390/
工作第一年（七）	https://www.douban.com/note/625068507/	190	工作第一年（七）,https://www.douban.com/note/625068507/
聊斋·邵女新编	https://www.douban.com/note/626517988/	191	聊斋·邵女新编,https://www.douban.com/note/626517988/
工作第一年（八）	https://www.douban.com/note/625638995/	193	工作第一年（八）,https://www.douban.com/note/625638995/
二十多岁	https://www.douban.com/note/170646193/	194	二十多岁,https://www.douban.com/note/170646193/
工作第一年（九）	https://www.douban.com/note/626175900/	196	工作第一年（九）,https://www.douban.com/note/626175900/
被挑选出来的过去	https://www.douban.com/note/168813418/	197	被挑选出来的过去,https://www.douban.com/note/168813418/
我的舅舅	https://www.douban.com/note/626605118/	199	我的舅舅,https://www.douban.com/note/626605118/
局限	https://www.douban.com/note/141853577/	200	局限,https://www.douban.com/note/141853577/
工作第一年（十）	https://www.douban.com/note/626735840/	202	工作第一年（十）,https://www.douban.com/note/626735840/
抄你是尊重你的劳动	https://www.douban.com/note/255808682/	203	抄你是尊重你的劳动,https://www.douban.com/note/255808682/
父亲的词汇量	https://www.douban.com/note/627034685/	205	父亲的词汇量,https://www.douban.com/note/627034685/
人如蝼蚁	https://www.douban.com/note/273066806/	206	人如蝼蚁,https://www.douban.com/note/273066806/
工作第一年（十一）	https://www.douban.com/note/627144443/	208	工作第一年（十一）,https://www.douban.com/note/627144443/
118张图，详解苏联设计史（1922-1991）	https://www.douban.com/note/764387709/	209	118张图，详解苏联设计史（1922-1991）,https://www.douban.com/note/764387709/
工作第一年（十二）	https://www.douban.com/note/627670917/	211	工作第一年（十二）,https://www.douban.com/note/627670917/
温岭槽罐车爆炸事故风水复盘	https://www.douban.com/note/786171105/	212	温岭槽罐车爆炸事故风水复盘,https://www.douban.com/note/786171105/
工作第一年（十三）	https://www.douban.com/note/627801278/	214	工作第一年（十三）,https://www.douban.com/note/627801278/
命运的爆锤	https://www.douban.com/note/841202931/	215	命运的爆锤,https://www.douban.com/note/841202931/
工作第一年（十四）	https://www.douban.com/note/627928543/	217	工作第一年（十四）,https://www.douban.com/note/627928543/
穷人	https://www.douban.com/note/553373104/	218	穷人,https://www.douban.com/note/553373104/
工作第一年（十五）	https://www.douban.com/note/628192341/	220	工作第一年（十五）,https://www.douban.com/note/628192341/
媚俗与玄虚	https://www.douban.com/note/356342690/	221	媚俗与玄虚,https://www.douban.com/note/356342690/
工作第一年（十六）	https://www.douban.com/note/628605023/	223	工作第一年（十六）,https://www.douban.com/note/628605023/
迷人而诡异的苏联疗养院	https://www.douban.com/note/665357291/	224	迷人而诡异的苏联疗养院,https://www.douban.com/note/665357291/
工作第一年（十七）	https://www.douban.com/note/629140441/	226	工作第一年（十七）,https://www.douban.com/note/629140441/
幻听之后该怎么办？	https://www.douban.com/note/720255203/	227	幻听之后该怎么办？,https://www.douban.com/note/720255203/
工作第一年（十八）	https://www.douban.com/note/629436905/	229	工作第一年（十八）,https://www.douban.com/note/629436905/
无人的太空：生于尘埃，止于宇宙	https://www.douban.com/note/682724517/	230	无人的太空：生于尘埃，止于宇宙,https://www.douban.com/note/682724517/
工作第一年（十九）	https://www.douban.com/note/629872299/	232	工作第一年（十九）,https://www.douban.com/note/629872299/
是富士康养活了中国工人，还是中国工人养活了富士康？	https://www.douban.com/note/488352443/	233	是富士康养活了中国工人，还是中国工人养活了富士康？,https://www.douban.com/note/488352443/
工作第一年（二十）	https://www.douban.com/note/630291433/	235	工作第一年（二十）,https://www.douban.com/note/630291433/
失语记	https://www.douban.com/note/184004290/	236	失语记,https://www.douban.com/note/184004290/
工作第一年（二十一）	https://www.douban.com/note/630665784/	238	工作第一年（二十一）,https://www.douban.com/note/630665784/
普通	https://www.douban.com/note/650664961/	239	普通,https://www.douban.com/note/650664961/
工作第一年（二十二）	https://www.douban.com/note/631810818/	241	工作第一年（二十二）,https://www.douban.com/note/631810818/
蒂凡尼的早餐	https://www.douban.com/note/16471168/	242	蒂凡尼的早餐,https://www.douban.com/note/16471168/
工作第一年（二十三）	https://www.douban.com/note/631977216/	244	工作第一年（二十三）,https://www.douban.com/note/631977216/
迈向自治的个人	https://www.douban.com/note/143403834/	245	迈向自治的个人,https://www.douban.com/note/143403834/
工作第一年（二十四）	https://www.douban.com/note/632486319/	247	工作第一年（二十四）,https://www.douban.com/note/632486319/
南渡	https://www.douban.com/note/598038488/	248	南渡,https://www.douban.com/note/598038488/
工作第一年（二十五）	https://www.douban.com/note/632967206/	250	工作第一年（二十五）,https://www.douban.com/note/632967206/
过年	https://www.douban.com/note/485189335/	251	过年,https://www.douban.com/note/485189335/
工作第一年（二十六）	https://www.douban.com/note/633390879/	253	工作第一年（二十六）,https://www.douban.com/note/633390879/
日本震动	https://www.douban.com/note/151084584/	254	日本震动,https://www.douban.com/note/151084584/
工作第一年（二十七）	https://www.douban.com/note/633716540/	256	工作第一年（二十七）,https://www.douban.com/note/633716540/
爱动物，爱生活	https://www.douban.com/note/233041367/	257	爱动物，爱生活,https://www.douban.com/note/233041367/
工作第一年（二十八）	https://www.douban.com/note/634178208/	259	工作第一年（二十八）,https://www.douban.com/note/634178208/
克里斯蒂安·贝尔，在苏联拍过一部奇幻大片	https://www.douban.com/note/807906802/	260	克里斯蒂安·贝尔，在苏联拍过一部奇幻大片,https://www.douban.com/note/807906802/
工作第一年（二十九）	https://www.douban.com/note/634330219/	262	工作第一年（二十九）,https://www.douban.com/note/634330219/
白色的星陨落	https://www.douban.com/note/219127536/	263	白色的星陨落,https://www.douban.com/note/219127536/
爱娃	https://www.douban.com/note/634651883/	265	爱娃,https://www.douban.com/note/634651883/
“你可闭zei吧！”	https://www.douban.com/note/669084932/	266	“你可闭zei吧！”,https://www.douban.com/note/669084932/
工作第一年（三十）	https://www.douban.com/note/634807684/	268	工作第一年（三十）,https://www.douban.com/note/634807684/
聊斋里的SM	https://www.douban.com/note/611669639/	269	聊斋里的SM,https://www.douban.com/note/611669639/
工作第一年（三十一）	https://www.douban.com/note/635002879/	271	工作第一年（三十一）,https://www.douban.com/note/635002879/
永不消逝的枪声	https://www.douban.com/note/252728126/	272	永不消逝的枪声,https://www.douban.com/note/252728126/
工作第一年（三十二）	https://www.douban.com/note/635166670/	274	工作第一年（三十二）,https://www.douban.com/note/635166670/
《二人证据》继续	https://www.douban.com/note/32739681/	275	《二人证据》继续,https://www.douban.com/note/32739681/
工作第一年（三十三）	https://www.douban.com/note/635317486/	277	工作第一年（三十三）,https://www.douban.com/note/635317486/
失去的语言	https://www.douban.com/note/131273200/	278	失去的语言,https://www.douban.com/note/131273200/
工作第一年（三十四）	https://www.douban.com/note/635474339/	280	工作第一年（三十四）,https://www.douban.com/note/635474339/
一代大师罗钦科，他至死也没看过自己的摄影展	https://www.douban.com/note/689099032/	281	一代大师罗钦科，他至死也没看过自己的摄影展,https://www.douban.com/note/689099032/
工作第一年（三十五）	https://www.douban.com/note/635955563/	283	工作第一年（三十五）,https://www.douban.com/note/635955563/
被歧视的下一代与迷失的黑色身份	https://www.douban.com/note/657756730/	284	被歧视的下一代与迷失的黑色身份,https://www.douban.com/note/657756730/
工作第一年（完结篇）	https://www.douban.com/note/636099554/	286	工作第一年（完结篇）,https://www.douban.com/note/636099554/
牛市回忆	https://www.douban.com/note/770194550/	287	牛市回忆,https://www.douban.com/note/770194550/
楼上的女孩	https://www.douban.com/note/637046890/	289	楼上的女孩,https://www.douban.com/note/637046890/
记住是我在战斗	https://www.douban.com/note/188175067/	290	记住是我在战斗,https://www.douban.com/note/188175067/
美丽新世代（一）	https://www.douban.com/note/637399948/	292	美丽新世代（一）,https://www.douban.com/note/637399948/
南疆观察	https://www.douban.com/note/333877473/	293	南疆观察,https://www.douban.com/note/333877473/
美丽新世代（三）	https://www.douban.com/note/638119603/	295	美丽新世代（三）,https://www.douban.com/note/638119603/
子母镜	https://www.douban.com/note/612434676/	296	子母镜,https://www.douban.com/note/612434676/
美丽新世代（四）	https://www.douban.com/note/639385266/	298	美丽新世代（四）,https://www.douban.com/note/639385266/
被国际化	https://www.douban.com/note/93002900/	299	被国际化,https://www.douban.com/note/93002900/
美丽新世代（五）	https://www.douban.com/note/640518577/	301	美丽新世代（五）,https://www.douban.com/note/640518577/
命运只有103万种组合，为何能预测十几亿人的命运	https://www.douban.com/note/605564593/	302	命运只有103万种组合，为何能预测十几亿人的命运,https://www.douban.com/note/605564593/
美丽新世代（六）	https://www.douban.com/note/640659559/	304	美丽新世代（六）,https://www.douban.com/note/640659559/
流传与变异	https://www.douban.com/note/145458981/	305	流传与变异,https://www.douban.com/note/145458981/
美丽新世代（七）	https://www.douban.com/note/641576280/	307	美丽新世代（七）,https://www.douban.com/note/641576280/
斯大林	https://www.douban.com/note/38448494/	308	斯大林,https://www.douban.com/note/38448494/
爱关灯的小红	https://www.douban.com/note/642297735/	310	爱关灯的小红,https://www.douban.com/note/642297735/
答学生问	https://www.douban.com/note/763217331/	311	答学生问,https://www.douban.com/note/763217331/
鞋匠家的故事——来自卡夫卡《城堡》	https://www.douban.com/note/642956533/	313	鞋匠家的故事——来自卡夫卡《城堡》,https://www.douban.com/note/642956533/
被第一次世界大战改变的世界	https://www.douban.com/note/421739992/	314	被第一次世界大战改变的世界,https://www.douban.com/note/421739992/
美丽新世代（八）	https://www.douban.com/note/643293924/	316	美丽新世代（八）,https://www.douban.com/note/643293924/
塞班	https://www.douban.com/note/121371057/	317	塞班,https://www.douban.com/note/121371057/
又上班的第一天	https://www.douban.com/note/643444678/	319	又上班的第一天,https://www.douban.com/note/643444678/
切尔诺贝利从不缺席	https://www.douban.com/note/656031542/	320	切尔诺贝利从不缺席,https://www.douban.com/note/656031542/
卡夫卡根本就不是那样的！！！	https://www.douban.com/note/643625726/	322	卡夫卡根本就不是那样的！！！,https://www.douban.com/note/643625726/
零思碎想	https://www.douban.com/note/703333174/	323	零思碎想,https://www.douban.com/note/703333174/
美丽新世代（九）	https://www.douban.com/note/644186326/	325	美丽新世代（九）,https://www.douban.com/note/644186326/
一次改变历史的穿越	https://www.douban.com/note/263539160/	326	一次改变历史的穿越,https://www.douban.com/note/263539160/
1999年芙蓉村工人杀人事件	https://www.douban.com/note/644389834/	328	1999年芙蓉村工人杀人事件,https://www.douban.com/note/644389834/
病中杂记二则	https://www.douban.com/note/576578349/	329	病中杂记二则,https://www.douban.com/note/576578349/
职场白痴	https://www.douban.com/note/644949453/	331	职场白痴,https://www.douban.com/note/644949453/
命例记录7	https://www.douban.com/note/605953002/	332	命例记录7,https://www.douban.com/note/605953002/
我绝交了的朋友	https://www.douban.com/note/645282278/	334	我绝交了的朋友,https://www.douban.com/note/645282278/
（破土的日记 ）屌丝没有未来，生活只剩缅怀——从好妹妹乐队的走红谈起	https://www.douban.com/note/515822679/	335	（破土的日记 ）屌丝没有未来，生活只剩缅怀——从好妹妹乐队的走红谈起,https://www.douban.com/note/515822679/
《女囚》片段－－普鲁斯特	https://www.douban.com/note/645408003/	337	《女囚》片段－－普鲁斯特,https://www.douban.com/note/645408003/
苏维埃宇宙风：把未来搬到家里去	https://www.douban.com/note/693714995/	338	苏维埃宇宙风：把未来搬到家里去,https://www.douban.com/note/693714995/
一个失去了大丁的梦	https://www.douban.com/note/645829695/	340	一个失去了大丁的梦,https://www.douban.com/note/645829695/
我以为我再也见不到你了	https://www.douban.com/note/735636888/	341	我以为我再也见不到你了,https://www.douban.com/note/735636888/
我的幼儿园体验	https://www.douban.com/note/646310504/	343	我的幼儿园体验,https://www.douban.com/note/646310504/
下水道里的现代文明	https://www.douban.com/note/228428779/	344	下水道里的现代文明,https://www.douban.com/note/228428779/
我那些消失了的初中同学	https://www.douban.com/note/646585425/	346	我那些消失了的初中同学,https://www.douban.com/note/646585425/
新鲜事	https://www.douban.com/note/574384202/	347	新鲜事,https://www.douban.com/note/574384202/
上海情人	https://www.douban.com/note/647493844/	349	上海情人,https://www.douban.com/note/647493844/
妓女爱国	https://www.douban.com/note/255153939/	350	妓女爱国,https://www.douban.com/note/255153939/
不太再说故事的英俊	https://www.douban.com/note/648178209/	352	不太再说故事的英俊,https://www.douban.com/note/648178209/
我丢垃圾去了	https://www.douban.com/note/747321804/	353	我丢垃圾去了,https://www.douban.com/note/747321804/
前度	https://www.douban.com/note/648483057/	355	前度,https://www.douban.com/note/648483057/
别人的制度	https://www.douban.com/note/166019503/	356	别人的制度,https://www.douban.com/note/166019503/
另一种生活	https://www.douban.com/note/649142572/	358	另一种生活,https://www.douban.com/note/649142572/
1972年的远方，就在群星的尽头	https://www.douban.com/note/726188546/	359	1972年的远方，就在群星的尽头,https://www.douban.com/note/726188546/
美丽新世代（十）	https://www.douban.com/note/649583142/	361	美丽新世代（十）,https://www.douban.com/note/649583142/
无乡	https://www.douban.com/note/133790493/	362	无乡,https://www.douban.com/note/133790493/
美丽新世代（十一）	https://www.douban.com/note/649684487/	364	美丽新世代（十一）,https://www.douban.com/note/649684487/
营养的现代性	https://www.douban.com/note/253934066/	365	营养的现代性,https://www.douban.com/note/253934066/
美丽新世代（十二）	https://www.douban.com/note/649842021/	367	美丽新世代（十二）,https://www.douban.com/note/649842021/
想象未来	https://www.douban.com/note/492171611/	368	想象未来,https://www.douban.com/note/492171611/
很爽的听课笔记——评论尤金奥尼尔《休伊》	https://www.douban.com/note/709204268/	370	很爽的听课笔记——评论尤金奥尼尔《休伊》,https://www.douban.com/note/709204268/
《凡人》	https://www.douban.com/note/39108782/	371	《凡人》,https://www.douban.com/note/39108782/
缝隙	https://www.douban.com/note/713771351/	373	缝隙,https://www.douban.com/note/713771351/
如鲠在喉	https://www.douban.com/note/822980357/	374	如鲠在喉,https://www.douban.com/note/822980357/
斜路	https://www.douban.com/note/718391034/	376	斜路,https://www.douban.com/note/718391034/
夜间生活	https://www.douban.com/note/842832313/	377	夜间生活,https://www.douban.com/note/842832313/
祖宗不明	https://www.douban.com/note/722046589/	379	祖宗不明,https://www.douban.com/note/722046589/
曾经的美好你是否一直攥在手里	https://www.douban.com/note/190433726/	380	曾经的美好你是否一直攥在手里,https://www.douban.com/note/190433726/
秘法	https://www.douban.com/note/725204356/	382	秘法,https://www.douban.com/note/725204356/
乌克兰左右为难	https://www.douban.com/note/332357558/	383	乌克兰左右为难,https://www.douban.com/note/332357558/
保定之恋－－1	https://www.douban.com/note/728278839/	385	保定之恋－－1,https://www.douban.com/note/728278839/
说一件欢乐的事，推荐一本书	https://www.douban.com/note/255611047/	386	说一件欢乐的事，推荐一本书,https://www.douban.com/note/255611047/
保定之恋－－2	https://www.douban.com/note/728417596/	388	保定之恋－－2,https://www.douban.com/note/728417596/
海豚形象的诞生	https://www.douban.com/note/340809584/	389	海豚形象的诞生,https://www.douban.com/note/340809584/
保定之恋－－3	https://www.douban.com/note/728505265/	391	保定之恋－－3,https://www.douban.com/note/728505265/
《羊肉为什么变香了》	https://www.douban.com/note/740576135/	392	《羊肉为什么变香了》,https://www.douban.com/note/740576135/
保定之恋－－4	https://www.douban.com/note/728774864/	394	保定之恋－－4,https://www.douban.com/note/728774864/
封闭的公共空间	https://www.douban.com/note/246302126/	395	封闭的公共空间,https://www.douban.com/note/246302126/
保定之恋－－5（完结篇）	https://www.douban.com/note/729161724/	397	保定之恋－－5（完结篇）,https://www.douban.com/note/729161724/
赛博人、控制论、加速主义、大国灭亡	https://www.douban.com/note/845767742/	398	赛博人、控制论、加速主义、大国灭亡,https://www.douban.com/note/845767742/
返乡一	https://www.douban.com/note/749634627/	400	返乡一,https://www.douban.com/note/749634627/
破碎之梦	https://www.douban.com/note/161332590/	401	破碎之梦,https://www.douban.com/note/161332590/
返乡2	https://www.douban.com/note/749756272/	403	返乡2,https://www.douban.com/note/749756272/
8月21日无标题	https://www.douban.com/note/513755055/	404	8月21日无标题,https://www.douban.com/note/513755055/
返乡3-1	https://www.douban.com/note/749839991/	406	返乡3-1,https://www.douban.com/note/749839991/
再见，巴拉班诺夫	https://www.douban.com/note/277354777/	407	再见，巴拉班诺夫,https://www.douban.com/note/277354777/
返乡3-2	https://www.douban.com/note/749840971/	409	返乡3-2,https://www.douban.com/note/749840971/
阴阳相加等于几	https://www.douban.com/note/553275521/	410	阴阳相加等于几,https://www.douban.com/note/553275521/
返乡3-3	https://www.douban.com/note/749841253/	412	返乡3-3,https://www.douban.com/note/749841253/
乌江逆旅	https://www.douban.com/note/558479131/	413	乌江逆旅,https://www.douban.com/note/558479131/
离婚	https://www.douban.com/note/758958395/	415	离婚,https://www.douban.com/note/758958395/
风水断例1	https://www.douban.com/note/595752346/	416	风水断例1,https://www.douban.com/note/595752346/
洗衣机怪	https://www.douban.com/note/761929387/	418	洗衣机怪,https://www.douban.com/note/761929387/
阴阳闲谈	https://www.douban.com/note/645629068/	419	阴阳闲谈,https://www.douban.com/note/645629068/
老张的夏天	https://www.douban.com/note/763162455/	421	老张的夏天,https://www.douban.com/note/763162455/
利比亚战争背后的部落政治	https://www.douban.com/note/141235086/	422	利比亚战争背后的部落政治,https://www.douban.com/note/141235086/
纵横四海	https://www.douban.com/note/769474515/	424	纵横四海,https://www.douban.com/note/769474515/
关于“怎么办”——《太阳照常升起》观影体会	https://www.douban.com/note/683739207/	425	关于“怎么办”——《太阳照常升起》观影体会,https://www.douban.com/note/683739207/
忧伤的人，缓慢生存	https://www.douban.com/note/770153439/	427	忧伤的人，缓慢生存,https://www.douban.com/note/770153439/
争夺神农	https://www.douban.com/note/314006570/	428	争夺神农,https://www.douban.com/note/314006570/
怀璧者1	https://www.douban.com/note/771255128/	430	怀璧者1,https://www.douban.com/note/771255128/
黑曜石	https://www.douban.com/note/792379166/	431	黑曜石,https://www.douban.com/note/792379166/
怀璧者2	https://www.douban.com/note/771346496/	433	怀璧者2,https://www.douban.com/note/771346496/
她们是打工妹，她们为自己代言	https://www.douban.com/note/493082204/	434	她们是打工妹，她们为自己代言,https://www.douban.com/note/493082204/
怀璧者3	https://www.douban.com/note/771477444/	436	怀璧者3,https://www.douban.com/note/771477444/
对一张雕花床的两种态度	https://www.douban.com/note/172209237/	437	对一张雕花床的两种态度,https://www.douban.com/note/172209237/
怀璧者4	https://www.douban.com/note/771690389/	439	怀璧者4,https://www.douban.com/note/771690389/
无人能有豁免权	https://www.douban.com/note/299574434/	440	无人能有豁免权,https://www.douban.com/note/299574434/
怀璧者5	https://www.douban.com/note/771816679/	442	怀璧者5,https://www.douban.com/note/771816679/
发现风景	https://www.douban.com/note/208392192/	443	发现风景,https://www.douban.com/note/208392192/
怀璧者6	https://www.douban.com/note/771904704/	445	怀璧者6,https://www.douban.com/note/771904704/
我只是想在列宁的头上拉屎	https://www.douban.com/note/130259658/	446	我只是想在列宁的头上拉屎,https://www.douban.com/note/130259658/
怀璧者7	https://www.douban.com/note/772339665/	448	怀璧者7,https://www.douban.com/note/772339665/
胞胎印绶格辟谬	https://www.douban.com/note/591574887/	449	胞胎印绶格辟谬,https://www.douban.com/note/591574887/
怀璧者8	https://www.douban.com/note/772791853/	451	怀璧者8,https://www.douban.com/note/772791853/
克拉拉	https://www.douban.com/note/715960412/	452	克拉拉,https://www.douban.com/note/715960412/
怀璧者9	https://www.douban.com/note/772914804/	454	怀璧者9,https://www.douban.com/note/772914804/
克苏鲁的呼唤与禅	https://www.douban.com/note/307610020/	455	克苏鲁的呼唤与禅,https://www.douban.com/note/307610020/
怀璧者10	https://www.douban.com/note/773845785/	457	怀璧者10,https://www.douban.com/note/773845785/
盛夏的慢车	https://www.douban.com/note/401561760/	458	盛夏的慢车,https://www.douban.com/note/401561760/
人生一场催眠	https://www.douban.com/note/773849262/	460	人生一场催眠,https://www.douban.com/note/773849262/
试论“反者道之动”	https://www.douban.com/note/878561769/	461	试论“反者道之动”,https://www.douban.com/note/878561769/
怀璧者（终结篇）	https://www.douban.com/note/775761205/	463	怀璧者（终结篇）,https://www.douban.com/note/775761205/
人与地 · 病与命	https://www.douban.com/note/176932305/	464	人与地 · 病与命,https://www.douban.com/note/176932305/
转校生1	https://www.douban.com/note/777517982/	466	转校生1,https://www.douban.com/note/777517982/
中国的无限责任制	https://www.douban.com/note/347989818/	467	中国的无限责任制,https://www.douban.com/note/347989818/
转校生2	https://www.douban.com/note/777546492/	469	转校生2,https://www.douban.com/note/777546492/
海和尚记	https://www.douban.com/note/586934660/	470	海和尚记,https://www.douban.com/note/586934660/
转校生3	https://www.douban.com/note/777731056/	472	转校生3,https://www.douban.com/note/777731056/
爱国、卫生与运动	https://www.douban.com/note/226177554/	473	爱国、卫生与运动,https://www.douban.com/note/226177554/
转校生4	https://www.douban.com/note/777997630/	475	转校生4,https://www.douban.com/note/777997630/
《白色旅馆》	https://www.douban.com/note/39327311/	476	《白色旅馆》,https://www.douban.com/note/39327311/
转校生5（终结篇）	https://www.douban.com/note/778523890/	478	转校生5（终结篇）,https://www.douban.com/note/778523890/
隐形的巨兽、室内童话	https://www.douban.com/note/654876302/	479	隐形的巨兽、室内童话,https://www.douban.com/note/654876302/
我导师和我	https://www.douban.com/note/778957528/	481	我导师和我,https://www.douban.com/note/778957528/
为中华之崛起而做操	https://www.douban.com/note/169466505/	482	为中华之崛起而做操,https://www.douban.com/note/169466505/
爱	https://www.douban.com/note/780569944/	484	爱,https://www.douban.com/note/780569944/
足疗	https://www.douban.com/note/472498259/	485	足疗,https://www.douban.com/note/472498259/
镜子	https://www.douban.com/note/785315152/	487	镜子,https://www.douban.com/note/785315152/
斯拉夫吠陀教、宇宙老爹和我脑中的波形人	https://www.douban.com/note/289569045/	488	斯拉夫吠陀教、宇宙老爹和我脑中的波形人,https://www.douban.com/note/289569045/
偶尔人	https://www.douban.com/note/786463464/	490	偶尔人,https://www.douban.com/note/786463464/
命例记录8	https://www.douban.com/note/607560132/	491	命例记录8,https://www.douban.com/note/607560132/
他心不可知	https://www.douban.com/note/789401955/	493	他心不可知,https://www.douban.com/note/789401955/
红色非洲：苏联意识形态与非洲图像艺术	https://www.douban.com/note/808302836/	494	红色非洲：苏联意识形态与非洲图像艺术,https://www.douban.com/note/808302836/
故乡	https://www.douban.com/note/790298448/	496	故乡,https://www.douban.com/note/790298448/
苍蝇、蚊子、萤火虫	https://www.douban.com/note/625154086/	497	苍蝇、蚊子、萤火虫,https://www.douban.com/note/625154086/
我的偏见	https://www.douban.com/note/790689839/	499	我的偏见,https://www.douban.com/note/790689839/
无题	https://www.douban.com/note/579971979/	500	无题,https://www.douban.com/note/579971979/
老曾（一）	https://www.douban.com/note/791406226/	502	老曾（一）,https://www.douban.com/note/791406226/
苏联互联网之死：数字共产主义夭折史	https://www.douban.com/note/680659309/	503	苏联互联网之死：数字共产主义夭折史,https://www.douban.com/note/680659309/
老曾二	https://www.douban.com/note/791696431/	505	老曾二,https://www.douban.com/note/791696431/
徐缙八字命理钩沉	https://www.douban.com/note/556952650/	506	徐缙八字命理钩沉,https://www.douban.com/note/556952650/
老曾三	https://www.douban.com/note/792175770/	508	老曾三,https://www.douban.com/note/792175770/
把自己搞到最疲惫	https://www.douban.com/note/685858256/	509	把自己搞到最疲惫,https://www.douban.com/note/685858256/
老曾四	https://www.douban.com/note/793066846/	511	老曾四,https://www.douban.com/note/793066846/
事情正在起变化	https://www.douban.com/note/99117739/	512	事情正在起变化,https://www.douban.com/note/99117739/
老曾五	https://www.douban.com/note/793559945/	514	老曾五,https://www.douban.com/note/793559945/
路都是人吵出来的	https://www.douban.com/note/144748959/	515	路都是人吵出来的,https://www.douban.com/note/144748959/
逃离	https://www.douban.com/note/797435528/	517	逃离,https://www.douban.com/note/797435528/
狼烟	https://www.douban.com/note/617237321/	518	狼烟,https://www.douban.com/note/617237321/
我的闭关	https://www.douban.com/note/800769425/	520	我的闭关,https://www.douban.com/note/800769425/
救灾政治学	https://www.douban.com/note/157518043/	521	救灾政治学,https://www.douban.com/note/157518043/
小镇之王徐阿岛	https://www.douban.com/note/802523239/	523	小镇之王徐阿岛,https://www.douban.com/note/802523239/
一张床	https://www.douban.com/note/843890293/	524	一张床,https://www.douban.com/note/843890293/
我非我	https://www.douban.com/note/804137023/	526	我非我,https://www.douban.com/note/804137023/
张晖早年信札选（续）	https://www.douban.com/note/322079832/	527	张晖早年信札选（续）,https://www.douban.com/note/322079832/
返乡	https://www.douban.com/note/807855384/	529	返乡,https://www.douban.com/note/807855384/
等待腹肌	https://www.douban.com/note/793680442/	530	等待腹肌,https://www.douban.com/note/793680442/
论生的虚无	https://www.douban.com/note/809061392/	532	论生的虚无,https://www.douban.com/note/809061392/
七律·清明祭张晖	https://www.douban.com/note/269955066/	533	七律·清明祭张晖,https://www.douban.com/note/269955066/
问道江南西（一）	https://www.douban.com/note/809165719/	535	问道江南西（一）,https://www.douban.com/note/809165719/
旅行招募：去北极圈，极光跨年	https://www.douban.com/note/697991460/	536	旅行招募：去北极圈，极光跨年,https://www.douban.com/note/697991460/
问道江南西（二）	https://www.douban.com/note/809274789/	538	问道江南西（二）,https://www.douban.com/note/809274789/
没有答案的问题：关于民族关系演讲的旁听笔记	https://www.douban.com/note/332115736/	539	没有答案的问题：关于民族关系演讲的旁听笔记,https://www.douban.com/note/332115736/
问道江南西（三）	https://www.douban.com/note/809356552/	541	问道江南西（三）,https://www.douban.com/note/809356552/
三•七节有感	https://www.douban.com/note/543613466/	542	三•七节有感,https://www.douban.com/note/543613466/
问道江南西（四）	https://www.douban.com/note/809468718/	544	问道江南西（四）,https://www.douban.com/note/809468718/
苏联人为什么要淹没古镇和村庄	https://www.douban.com/note/808222723/	545	苏联人为什么要淹没古镇和村庄,https://www.douban.com/note/808222723/
问道江南西（五）	https://www.douban.com/note/809559755/	547	问道江南西（五）,https://www.douban.com/note/809559755/
程婴的面条	https://www.douban.com/note/307844517/	548	程婴的面条,https://www.douban.com/note/307844517/
问道江南西（六）	https://www.douban.com/note/809626441/	550	问道江南西（六）,https://www.douban.com/note/809626441/
假如地震能够预报	https://www.douban.com/note/273449781/	551	假如地震能够预报,https://www.douban.com/note/273449781/
问道江南西（七）	https://www.douban.com/note/809840969/	553	问道江南西（七）,https://www.douban.com/note/809840969/
冷战弥漫时期的爱情	https://www.douban.com/note/706843477/	554	冷战弥漫时期的爱情,https://www.douban.com/note/706843477/
课代表	https://www.douban.com/note/810027802/	556	课代表,https://www.douban.com/note/810027802/
世界在看着你	https://www.douban.com/note/90374133/	557	世界在看着你,https://www.douban.com/note/90374133/
问道江南西（八）	https://www.douban.com/note/810255160/	559	问道江南西（八）,https://www.douban.com/note/810255160/
我的朋友大L	https://www.douban.com/note/280347239/	560	我的朋友大L,https://www.douban.com/note/280347239/
问道江南西（八-二）	https://www.douban.com/note/810352616/	562	问道江南西（八-二）,https://www.douban.com/note/810352616/
普通教育学	https://www.douban.com/note/264261594/	563	普通教育学,https://www.douban.com/note/264261594/
问道江南西（八-三）	https://www.douban.com/note/810352775/	565	问道江南西（八-三）,https://www.douban.com/note/810352775/
认错重不重要	https://www.douban.com/note/683651203/	566	认错重不重要,https://www.douban.com/note/683651203/
问道江南西（九）	https://www.douban.com/note/810352899/	568	问道江南西（九）,https://www.douban.com/note/810352899/
穿校服的人	https://www.douban.com/note/649894446/	569	穿校服的人,https://www.douban.com/note/649894446/
问道江南西（九-二）	https://www.douban.com/note/810457441/	571	问道江南西（九-二）,https://www.douban.com/note/810457441/
在抢婚的吉尔吉斯，完成一场女性太空梦	https://www.douban.com/note/753694567/	572	在抢婚的吉尔吉斯，完成一场女性太空梦,https://www.douban.com/note/753694567/
问道江南西（九-三）	https://www.douban.com/note/810623204/	574	问道江南西（九-三）,https://www.douban.com/note/810623204/
你的欲望没那么多！——解构现代经济逻辑	https://www.douban.com/note/494270379/	575	你的欲望没那么多！——解构现代经济逻辑,https://www.douban.com/note/494270379/
问道江南西（十）	https://www.douban.com/note/810623649/	577	问道江南西（十）,https://www.douban.com/note/810623649/
花很多，有两朵	https://www.douban.com/note/309449533/	578	花很多，有两朵,https://www.douban.com/note/309449533/
问道江南西（十-二）	https://www.douban.com/note/810623973/	580	问道江南西（十-二）,https://www.douban.com/note/810623973/
武林身体观	https://www.douban.com/note/264535689/	581	武林身体观,https://www.douban.com/note/264535689/
问道江南西（十-三）	https://www.douban.com/note/810624182/	583	问道江南西（十-三）,https://www.douban.com/note/810624182/
你无需被承认	https://www.douban.com/note/146593798/	584	你无需被承认,https://www.douban.com/note/146593798/
问道江南西（十一--一）	https://www.douban.com/note/810935431/	586	问道江南西（十一--一）,https://www.douban.com/note/810935431/
栖息	https://www.douban.com/note/575140929/	587	栖息,https://www.douban.com/note/575140929/
问道江南西（十一--二）	https://www.douban.com/note/810936024/	589	问道江南西（十一--二）,https://www.douban.com/note/810936024/
外星人入侵前夜的地球文明	https://www.douban.com/note/197844300/	590	外星人入侵前夜的地球文明,https://www.douban.com/note/197844300/
问道江南西（十一--三）	https://www.douban.com/note/810936652/	592	问道江南西（十一--三）,https://www.douban.com/note/810936652/
舅舅的重生	https://www.douban.com/note/184212530/	593	舅舅的重生,https://www.douban.com/note/184212530/
问道江南西（十一）	https://www.douban.com/note/810937338/	595	问道江南西（十一）,https://www.douban.com/note/810937338/
歧视	https://www.douban.com/note/529232077/	596	歧视,https://www.douban.com/note/529232077/
问道江南西（十一---五）	https://www.douban.com/note/810994911/	598	问道江南西（十一---五）,https://www.douban.com/note/810994911/
亚美尼亚往事：无法被战争抹杀的人间之美	https://www.douban.com/note/809147907/	599	亚美尼亚往事：无法被战争抹杀的人间之美,https://www.douban.com/note/809147907/
问道江南西（十二）	https://www.douban.com/note/811139284/	601	问道江南西（十二）,https://www.douban.com/note/811139284/
吹牛地崛起	https://www.douban.com/note/99780509/	602	吹牛地崛起,https://www.douban.com/note/99780509/
那些吹过的秋风和走过的秋天	https://www.douban.com/note/811310475/	604	那些吹过的秋风和走过的秋天,https://www.douban.com/note/811310475/
假作真时真亦假	https://www.douban.com/note/535299715/	605	假作真时真亦假,https://www.douban.com/note/535299715/
问道江南西（十二--二）	https://www.douban.com/note/811372985/	607	问道江南西（十二--二）,https://www.douban.com/note/811372985/
生两个好	https://www.douban.com/note/260145770/	608	生两个好,https://www.douban.com/note/260145770/
问道江南西（十三）	https://www.douban.com/note/811569828/	610	问道江南西（十三）,https://www.douban.com/note/811569828/
命例记录5（粗算）	https://www.douban.com/note/557720268/	611	命例记录5（粗算）,https://www.douban.com/note/557720268/
问道江南西（十三---二）	https://www.douban.com/note/812145918/	613	问道江南西（十三---二）,https://www.douban.com/note/812145918/
风景的变迁	https://www.douban.com/note/208113374/	614	风景的变迁,https://www.douban.com/note/208113374/
问道江南西（十四）	https://www.douban.com/note/812625732/	616	问道江南西（十四）,https://www.douban.com/note/812625732/
不和|谐的海	https://www.douban.com/note/185905238/	617	不和|谐的海,https://www.douban.com/note/185905238/
问道江南西（十四--二）	https://www.douban.com/note/813192930/	619	问道江南西（十四--二）,https://www.douban.com/note/813192930/
Antonella	https://www.douban.com/note/550431157/	620	Antonella,https://www.douban.com/note/550431157/
问道江南西（十五）	https://www.douban.com/note/813344478/	622	问道江南西（十五）,https://www.douban.com/note/813344478/
《五玉》	https://www.douban.com/note/845653137/	623	《五玉》,https://www.douban.com/note/845653137/
问道江南西（十六--完结）	https://www.douban.com/note/813629282/	625	问道江南西（十六--完结）,https://www.douban.com/note/813629282/
文学史的边界	https://www.douban.com/note/344942240/	626	文学史的边界,https://www.douban.com/note/344942240/
再论文艺复兴	https://www.douban.com/note/818564770/	628	再论文艺复兴,https://www.douban.com/note/818564770/
抱团取暖	https://www.douban.com/note/647082591/	629	抱团取暖,https://www.douban.com/note/647082591/
等待（问道片段）	https://www.douban.com/note/821330635/	631	等待（问道片段）,https://www.douban.com/note/821330635/
人们是如何在21世纪以物易物的	https://www.douban.com/note/735354212/	632	人们是如何在21世纪以物易物的,https://www.douban.com/note/735354212/
手洞与癫子（问道系列）	https://www.douban.com/note/821483373/	634	手洞与癫子（问道系列）,https://www.douban.com/note/821483373/
卡丁车与美男子研究协会	https://www.douban.com/note/784156602/	635	卡丁车与美男子研究协会,https://www.douban.com/note/784156602/
央美（问道）	https://www.douban.com/note/821559424/	637	央美（问道）,https://www.douban.com/note/821559424/
两个秃头男人抢一把梳子	https://www.douban.com/note/237343861/	638	两个秃头男人抢一把梳子,https://www.douban.com/note/237343861/
怀仁（问道）	https://www.douban.com/note/821812502/	640	怀仁（问道）,https://www.douban.com/note/821812502/
卦里乾坤	https://www.douban.com/note/580841788/	641	卦里乾坤,https://www.douban.com/note/580841788/
姨夫（问道）	https://www.douban.com/note/821947071/	643	姨夫（问道）,https://www.douban.com/note/821947071/
送给我的车	https://www.douban.com/note/222619628/	644	送给我的车,https://www.douban.com/note/222619628/
爷叔	https://www.douban.com/note/822073341/	646	爷叔,https://www.douban.com/note/822073341/
命例记录6	https://www.douban.com/note/592785951/	647	命例记录6,https://www.douban.com/note/592785951/
五玉（问道选段）	https://www.douban.com/note/823150753/	649	五玉（问道选段）,https://www.douban.com/note/823150753/
癌症终结者与阴谋论	https://www.douban.com/note/187936967/	650	癌症终结者与阴谋论,https://www.douban.com/note/187936967/
发生在2021的一些思考	https://www.douban.com/note/824830219/	652	发生在2021的一些思考,https://www.douban.com/note/824830219/
赵氏孤儿：记忆与身份危机	https://www.douban.com/note/132086122/	653	赵氏孤儿：记忆与身份危机,https://www.douban.com/note/132086122/
锤金铺（一）	https://www.douban.com/note/825378733/	655	锤金铺（一）,https://www.douban.com/note/825378733/
天天滚石头的小六	https://www.douban.com/note/670685650/	656	天天滚石头的小六,https://www.douban.com/note/670685650/
锤金铺（二）	https://www.douban.com/note/825445669/	658	锤金铺（二）,https://www.douban.com/note/825445669/
小谈神性与人性	https://www.douban.com/note/633708816/	659	小谈神性与人性,https://www.douban.com/note/633708816/
锤金铺（三）	https://www.douban.com/note/825534653/	661	锤金铺（三）,https://www.douban.com/note/825534653/
空间感	https://www.douban.com/note/189817067/	662	空间感,https://www.douban.com/note/189817067/
见面	https://www.douban.com/note/826054817/	664	见面,https://www.douban.com/note/826054817/
天堂里的烦恼	https://www.douban.com/note/189418492/	665	天堂里的烦恼,https://www.douban.com/note/189418492/
到火车站那边去买衣服	https://www.douban.com/note/832701217/	667	到火车站那边去买衣服,https://www.douban.com/note/832701217/
【前沿抢鲜读】“我们在黑格尔的脸上吐痰”—— 1970年代的意大利“工人主义”女权运动	https://www.douban.com/note/479811572/	668	【前沿抢鲜读】“我们在黑格尔的脸上吐痰”—— 1970年代的意大利“工人主义”女权运动,https://www.douban.com/note/479811572/
人们可能已经不再需要故事	https://www.douban.com/note/840037785/	670	人们可能已经不再需要故事,https://www.douban.com/note/840037785/
命例记录3	https://www.douban.com/note/543334021/	671	命例记录3,https://www.douban.com/note/543334021/
流浪二十年：庄子与我	https://www.douban.com/note/846289475/	673	流浪二十年：庄子与我,https://www.douban.com/note/846289475/
过河	https://www.douban.com/note/611113456/	674	过河,https://www.douban.com/note/611113456/
春游	https://www.douban.com/note/847019347/	676	春游,https://www.douban.com/note/847019347/
基站、阴滋病和转基因	https://www.douban.com/note/326718619/	677	基站、阴滋病和转基因,https://www.douban.com/note/326718619/
我的追忆(一）	https://www.douban.com/note/848397667/	679	我的追忆(一）,https://www.douban.com/note/848397667/
趁着还有温度	https://www.douban.com/note/248734976/	680	趁着还有温度,https://www.douban.com/note/248734976/
我的追忆（二）	https://www.douban.com/note/848486188/	682	我的追忆（二）,https://www.douban.com/note/848486188/
不受欢迎的改革	https://www.douban.com/note/425420450/	683	不受欢迎的改革,https://www.douban.com/note/425420450/
我的追忆（三）	https://www.douban.com/note/848644792/	685	我的追忆（三）,https://www.douban.com/note/848644792/
官方战争观	https://www.douban.com/note/257093652/	686	官方战争观,https://www.douban.com/note/257093652/
我的追忆（四）	https://www.douban.com/note/849226951/	688	我的追忆（四）,https://www.douban.com/note/849226951/
魔法蝗虫之死	https://www.douban.com/note/748580223/	689	魔法蝗虫之死,https://www.douban.com/note/748580223/
我的追忆（五）	https://www.douban.com/note/849663634/	691	我的追忆（五）,https://www.douban.com/note/849663634/
图书管理员	https://www.douban.com/note/862976111/	692	图书管理员,https://www.douban.com/note/862976111/
我的追忆（六）	https://www.douban.com/note/850436220/	694	我的追忆（六）,https://www.douban.com/note/850436220/
消失的宇航员	https://www.douban.com/note/274852360/	695	消失的宇航员,https://www.douban.com/note/274852360/
我的追忆（七）	https://www.douban.com/note/851427007/	697	我的追忆（七）,https://www.douban.com/note/851427007/
当代婚姻图鉴两例	https://www.douban.com/note/802724081/	698	当代婚姻图鉴两例,https://www.douban.com/note/802724081/
我的追忆（八）	https://www.douban.com/note/851752521/	700	我的追忆（八）,https://www.douban.com/note/851752521/
蓝色兔子的迷幻攻击	https://www.douban.com/note/836453073/	701	蓝色兔子的迷幻攻击,https://www.douban.com/note/836453073/
纵横四海	https://www.douban.com/note/851996210/	703	纵横四海,https://www.douban.com/note/851996210/
我所遭遇的狐仙一事（二）	https://www.douban.com/note/610203703/	704	我所遭遇的狐仙一事（二）,https://www.douban.com/note/610203703/
我的追忆（九）	https://www.douban.com/note/853555136/	706	我的追忆（九）,https://www.douban.com/note/853555136/
双面人	https://www.douban.com/note/214283011/	707	双面人,https://www.douban.com/note/214283011/
我的追忆（十）	https://www.douban.com/note/853602545/	709	我的追忆（十）,https://www.douban.com/note/853602545/
读大学最重要的事情	https://www.douban.com/note/845096826/	710	读大学最重要的事情,https://www.douban.com/note/845096826/
我的追忆（十一）	https://www.douban.com/note/853757360/	712	我的追忆（十一）,https://www.douban.com/note/853757360/
旅行的意义	https://www.douban.com/note/171567048/	713	旅行的意义,https://www.douban.com/note/171567048/
我的追忆（十二）	https://www.douban.com/note/853871037/	715	我的追忆（十二）,https://www.douban.com/note/853871037/
酒鬼的烦恼	https://www.douban.com/note/585753269/	716	酒鬼的烦恼,https://www.douban.com/note/585753269/
我的追忆（十三）	https://www.douban.com/note/853996986/	718	我的追忆（十三）,https://www.douban.com/note/853996986/
虎儿子	https://www.douban.com/note/170104997/	719	虎儿子,https://www.douban.com/note/170104997/
我的追忆（十四）	https://www.douban.com/note/854253547/	721	我的追忆（十四）,https://www.douban.com/note/854253547/
【歌词翻译】 Zvuki Mu <新闻王国>	https://www.douban.com/note/201391326/	722	【歌词翻译】 Zvuki Mu <新闻王国>,https://www.douban.com/note/201391326/
我的追忆（十五）	https://www.douban.com/note/854414330/	724	我的追忆（十五）,https://www.douban.com/note/854414330/
结构	https://www.douban.com/note/29256936/	725	结构,https://www.douban.com/note/29256936/
我的追忆（十六）	https://www.douban.com/note/854694759/	727	我的追忆（十六）,https://www.douban.com/note/854694759/
破冰	https://www.douban.com/note/602161877/	728	破冰,https://www.douban.com/note/602161877/
我的追忆（十七）	https://www.douban.com/note/854743673/	730	我的追忆（十七）,https://www.douban.com/note/854743673/
那乃人的民间故事：《布瑾和青蛙》	https://www.douban.com/note/855105467/	731	那乃人的民间故事：《布瑾和青蛙》,https://www.douban.com/note/855105467/
我的追忆（十八）	https://www.douban.com/note/855034285/	733	我的追忆（十八）,https://www.douban.com/note/855034285/
詈语探源	https://www.douban.com/note/231315467/	734	詈语探源,https://www.douban.com/note/231315467/
我的追忆（十九）	https://www.douban.com/note/855208504/	736	我的追忆（十九）,https://www.douban.com/note/855208504/
酱园植物记	https://www.douban.com/note/446248771/	737	酱园植物记,https://www.douban.com/note/446248771/
我的追忆（十九）	https://www.douban.com/note/855459305/	739	我的追忆（十九）,https://www.douban.com/note/855459305/
不必太爱我	https://www.douban.com/note/671391929/	740	不必太爱我,https://www.douban.com/note/671391929/
我的追忆（二十）	https://www.douban.com/note/855613744/	742	我的追忆（二十）,https://www.douban.com/note/855613744/
牛街	https://www.douban.com/note/559565150/	743	牛街,https://www.douban.com/note/559565150/
我的追忆（二十一）	https://www.douban.com/note/855836070/	745	我的追忆（二十一）,https://www.douban.com/note/855836070/
从数据看豆瓣兴衰	https://www.douban.com/note/473252618/	746	从数据看豆瓣兴衰,https://www.douban.com/note/473252618/
我的追忆（二十二）	https://www.douban.com/note/856043780/	748	我的追忆（二十二）,https://www.douban.com/note/856043780/
太阳也会衰老及其他	https://www.douban.com/note/193094343/	749	太阳也会衰老及其他,https://www.douban.com/note/193094343/
我的追忆（二十三）	https://www.douban.com/note/856169043/	751	我的追忆（二十三）,https://www.douban.com/note/856169043/
一个危地马拉的悲伤的夜晚	https://www.douban.com/note/716855641/	752	一个危地马拉的悲伤的夜晚,https://www.douban.com/note/716855641/
我的追忆（二十四）	https://www.douban.com/note/856286094/	754	我的追忆（二十四）,https://www.douban.com/note/856286094/
九寨沟行程日记	https://www.douban.com/note/433513225/	755	九寨沟行程日记,https://www.douban.com/note/433513225/
我的追忆（二十五）	https://www.douban.com/note/856393055/	757	我的追忆（二十五）,https://www.douban.com/note/856393055/
「破土工作室」手記001	https://www.douban.com/note/475031134/	758	「破土工作室」手記001,https://www.douban.com/note/475031134/
我的追忆（二十六）	https://www.douban.com/note/856653724/	760	我的追忆（二十六）,https://www.douban.com/note/856653724/
孤独图书馆	https://www.douban.com/note/862567999/	761	孤独图书馆,https://www.douban.com/note/862567999/
我的追忆（二十七）	https://www.douban.com/note/856846622/	763	我的追忆（二十七）,https://www.douban.com/note/856846622/
有关《二人证据》	https://www.douban.com/note/32739603/	764	有关《二人证据》,https://www.douban.com/note/32739603/
谈谈我对金刚经的思考：金刚经与理性思考	https://www.douban.com/note/856941038/	766	谈谈我对金刚经的思考：金刚经与理性思考,https://www.douban.com/note/856941038/
来自张悦然的声明	https://www.douban.com/note/11114245/	767	来自张悦然的声明,https://www.douban.com/note/11114245/
我的追忆（二十八）	https://www.douban.com/note/857097527/	769	我的追忆（二十八）,https://www.douban.com/note/857097527/
比较：追忆似水年华与百年孤独	https://www.douban.com/note/841142649/	770	比较：追忆似水年华与百年孤独,https://www.douban.com/note/841142649/
我的追忆（二十九）	https://www.douban.com/note/857424652/	772	我的追忆（二十九）,https://www.douban.com/note/857424652/
医院里可是没有神父的	https://www.douban.com/note/707754752/	773	医院里可是没有神父的,https://www.douban.com/note/707754752/
我的追忆（三十、完结篇）	https://www.douban.com/note/857741536/	775	我的追忆（三十、完结篇）,https://www.douban.com/note/857741536/
武术审美观	https://www.douban.com/note/301397725/	776	武术审美观,https://www.douban.com/note/301397725/
百花盛开，是为至真——评《繁花》	https://www.douban.com/note/858695441/	778	百花盛开，是为至真——评《繁花》,https://www.douban.com/note/858695441/
周六·大题小作 | 扼住资本主义的咽喉：物流工人和全球化生产	https://www.douban.com/note/488491093/	779	周六·大题小作 | 扼住资本主义的咽喉：物流工人和全球化生产,https://www.douban.com/note/488491093/
科幻小说《囚禁》	https://www.douban.com/note/859024116/	781	科幻小说《囚禁》,https://www.douban.com/note/859024116/
旅店	https://www.douban.com/note/570111746/	782	旅店,https://www.douban.com/note/570111746/
科幻小说《囚禁》	https://www.douban.com/note/861195778/	784	科幻小说《囚禁》,https://www.douban.com/note/861195778/
严厉的爱	https://www.douban.com/note/135191328/	785	严厉的爱,https://www.douban.com/note/135191328/
一个久经废稿考验的人（转文学报）	https://www.douban.com/note/861998719/	787	一个久经废稿考验的人（转文学报）,https://www.douban.com/note/861998719/
亚历山大·科耶夫：精神的生产	https://www.douban.com/note/846552113/	788	亚历山大·科耶夫：精神的生产,https://www.douban.com/note/846552113/
“身边无佛”之故事一：佳人	https://www.douban.com/note/862650086/	790	“身边无佛”之故事一：佳人,https://www.douban.com/note/862650086/
小说开头练习	https://www.douban.com/note/563363379/	791	小说开头练习,https://www.douban.com/note/563363379/
一碗自家酒——访温州泰顺乡下之见闻	https://www.douban.com/note/862719132/	793	一碗自家酒——访温州泰顺乡下之见闻,https://www.douban.com/note/862719132/
完美的罪行	https://www.douban.com/note/92203023/	794	完美的罪行,https://www.douban.com/note/92203023/
“身边无佛”故事之二，《隔断房》	https://www.douban.com/note/862865837/	796	“身边无佛”故事之二，《隔断房》,https://www.douban.com/note/862865837/
尤金·马尔拉夫和新能源	https://www.douban.com/note/188087072/	797	尤金·马尔拉夫和新能源,https://www.douban.com/note/188087072/
卖烤糖饼的	https://www.douban.com/note/863035086/	799	卖烤糖饼的,https://www.douban.com/note/863035086/
《甲午战争前后的中国士大夫》讲座笔记	https://www.douban.com/note/376689604/	800	《甲午战争前后的中国士大夫》讲座笔记,https://www.douban.com/note/376689604/
警察大奎	https://www.douban.com/note/863167783/	802	警察大奎,https://www.douban.com/note/863167783/
反正他也看不到	https://www.douban.com/note/739738994/	803	反正他也看不到,https://www.douban.com/note/739738994/
《童年》一、夜的序章	https://www.douban.com/note/863230829/	805	《童年》一、夜的序章,https://www.douban.com/note/863230829/
二舅妈是外星人	https://www.douban.com/note/750133025/	806	二舅妈是外星人,https://www.douban.com/note/750133025/
《童年》之二、兰英	https://www.douban.com/note/863349500/	808	《童年》之二、兰英,https://www.douban.com/note/863349500/
傻子的反击	https://www.douban.com/note/594460599/	809	傻子的反击,https://www.douban.com/note/594460599/
《童年》三、宝儿哥	https://www.douban.com/note/863464461/	811	《童年》三、宝儿哥,https://www.douban.com/note/863464461/
外国人的乡村爱情	https://www.douban.com/note/581232753/	812	外国人的乡村爱情,https://www.douban.com/note/581232753/
《童年》四、命运的礼赠	https://www.douban.com/note/863545823/	814	《童年》四、命运的礼赠,https://www.douban.com/note/863545823/
一个人的敌台：用爵士掀开铁幕的DJ	https://www.douban.com/note/717261664/	815	一个人的敌台：用爵士掀开铁幕的DJ,https://www.douban.com/note/717261664/
《童年》五、疯子阿芒	https://www.douban.com/note/863617227/	817	《童年》五、疯子阿芒,https://www.douban.com/note/863617227/
地球解放战争	https://www.douban.com/note/346098639/	818	地球解放战争,https://www.douban.com/note/346098639/
《童年》六、少男的祈祷	https://www.douban.com/note/863729738/	820	《童年》六、少男的祈祷,https://www.douban.com/note/863729738/
我的迷信：命运的相位	https://www.douban.com/note/844526801/	821	我的迷信：命运的相位,https://www.douban.com/note/844526801/
《童年》七、离去的女人	https://www.douban.com/note/863883063/	823	《童年》七、离去的女人,https://www.douban.com/note/863883063/
超越与雾霾的私人恩怨：柴静没有谈到什么	https://www.douban.com/note/486797548/	824	超越与雾霾的私人恩怨：柴静没有谈到什么,https://www.douban.com/note/486797548/
《童年》八、朋友	https://www.douban.com/note/864330638/	826	《童年》八、朋友,https://www.douban.com/note/864330638/
异装皇后和布尔什维克	https://www.douban.com/note/704179790/	827	异装皇后和布尔什维克,https://www.douban.com/note/704179790/
《童年》九、喧哗，永恒的喧哗	https://www.douban.com/note/864427594/	829	《童年》九、喧哗，永恒的喧哗,https://www.douban.com/note/864427594/
二〇一六	https://www.douban.com/note/599907408/	830	二〇一六,https://www.douban.com/note/599907408/
《童年》十、夜行灯	https://www.douban.com/note/864746772/	832	《童年》十、夜行灯,https://www.douban.com/note/864746772/
亲爱的别列列申 | 俄侨作家与他的中国情人	https://www.douban.com/note/289727831/	833	亲爱的别列列申 | 俄侨作家与他的中国情人,https://www.douban.com/note/289727831/
《童年》之十一、神通	https://www.douban.com/note/865207890/	835	《童年》之十一、神通,https://www.douban.com/note/865207890/
苏联曾发动几千万人毒灭啮齿动物，但仍然没有消灭鼠疫	https://www.douban.com/note/753696622/	836	苏联曾发动几千万人毒灭啮齿动物，但仍然没有消灭鼠疫,https://www.douban.com/note/753696622/
《童年》之十二：时间	https://www.douban.com/note/865738061/	838	《童年》之十二：时间,https://www.douban.com/note/865738061/
多少钱可以照看好一个孩子？	https://www.douban.com/note/326664072/	839	多少钱可以照看好一个孩子？,https://www.douban.com/note/326664072/
2024年收获到的感悟（可能是一）	https://www.douban.com/note/869842680/	841	2024年收获到的感悟（可能是一）,https://www.douban.com/note/869842680/
John Cage与离合诗 | John Cage and acrostic/mesostic	https://www.douban.com/note/282835942/	842	John Cage与离合诗 | John Cage and acrostic/mesostic,https://www.douban.com/note/282835942/
论小说创作中的非逻辑性——2024年感悟总结二	https://www.douban.com/note/870626487/	844	论小说创作中的非逻辑性——2024年感悟总结二,https://www.douban.com/note/870626487/
我的曾祖梁玄撄	https://www.douban.com/note/611359932/	845	我的曾祖梁玄撄,https://www.douban.com/note/611359932/
散文《雪花儿》（钢的城，片段）	https://www.douban.com/note/871460701/	847	散文《雪花儿》（钢的城，片段）,https://www.douban.com/note/871460701/
作为思想性著作的《史记》	https://www.douban.com/note/341761747/	848	作为思想性著作的《史记》,https://www.douban.com/note/341761747/
散文《雪花儿2》（钢的城，片段）	https://www.douban.com/note/871490883/	850	散文《雪花儿2》（钢的城，片段）,https://www.douban.com/note/871490883/
福岛是又一个广岛吗？	https://www.douban.com/note/139981732/	851	福岛是又一个广岛吗？,https://www.douban.com/note/139981732/
生命，是一场通关游戏——我在写《在大学与大厂之间》时所想到的	https://www.douban.com/note/875161879/	853	生命，是一场通关游戏——我在写《在大学与大厂之间》时所想到的,https://www.douban.com/note/875161879/
码人碴架才是剑侠小说的发动机	https://www.douban.com/note/525630301/	854	码人碴架才是剑侠小说的发动机,https://www.douban.com/note/525630301/
少年游	https://www.douban.com/note/876872020/	856	少年游,https://www.douban.com/note/876872020/
谣言研究回顾	https://www.douban.com/note/149670421/	857	谣言研究回顾,https://www.douban.com/note/149670421/
京城的二三人与事（一）	https://www.douban.com/note/877274558/	859	京城的二三人与事（一）,https://www.douban.com/note/877274558/
失忆症与衰弱症：一段暗黑回忆	https://www.douban.com/note/749154544/	860	失忆症与衰弱症：一段暗黑回忆,https://www.douban.com/note/749154544/
京城的二三人和事（二）	https://www.douban.com/note/877437756/	862	京城的二三人和事（二）,https://www.douban.com/note/877437756/
每念故人郁苦心	https://www.douban.com/note/267383727/	863	每念故人郁苦心,https://www.douban.com/note/267383727/
轻狂与沉郁	https://www.douban.com/note/877662312/	865	轻狂与沉郁,https://www.douban.com/note/877662312/
让我们相遇！	https://www.douban.com/note/597181008/	866	让我们相遇！,https://www.douban.com/note/597181008/
京城的二三人和事—动动的故事	https://www.douban.com/note/877960911/	868	京城的二三人和事—动动的故事,https://www.douban.com/note/877960911/
国王为什么需要新装	https://www.douban.com/note/177331102/	869	国王为什么需要新装,https://www.douban.com/note/177331102/
关于人生道路的战略制定问题	https://www.douban.com/note/878145518/	871	关于人生道路的战略制定问题,https://www.douban.com/note/878145518/
过往如异国	https://www.douban.com/note/266335382/	872	过往如异国,https://www.douban.com/note/266335382/
几点吐槽	https://www.douban.com/note/625349723/	874	几点吐槽,https://www.douban.com/note/625349723/
周日· 底层叙事 | 是什么，在改变我们的家乡	https://www.douban.com/note/488490637/	875	周日· 底层叙事 | 是什么，在改变我们的家乡,https://www.douban.com/note/488490637/
中国房地产盛衰小见	https://www.douban.com/note/532694992/	877	中国房地产盛衰小见,https://www.douban.com/note/532694992/
幻真缘（节选）	https://www.douban.com/note/853724572/	878	幻真缘（节选）,https://www.douban.com/note/853724572/
射覆（一）	https://www.douban.com/note/617637991/	880	射覆（一）,https://www.douban.com/note/617637991/
缱绻	https://www.douban.com/note/212449948/	881	缱绻,https://www.douban.com/note/212449948/
射覆（二）	https://www.douban.com/note/617645334/	883	射覆（二）,https://www.douban.com/note/617645334/
值得尊敬的论敌	https://www.douban.com/note/126663509/	884	值得尊敬的论敌,https://www.douban.com/note/126663509/
射覆与反观	https://www.douban.com/note/617663324/	886	射覆与反观,https://www.douban.com/note/617663324/
忆三八：国际妇女节被遗忘的故事	https://www.douban.com/note/488294926/	887	忆三八：国际妇女节被遗忘的故事,https://www.douban.com/note/488294926/
造梦的椅子	https://www.douban.com/note/732621175/	889	造梦的椅子,https://www.douban.com/note/732621175/
摄影散论	https://www.douban.com/note/150585955/	890	摄影散论,https://www.douban.com/note/150585955/
禁止养鸡	https://www.douban.com/note/734111123/	892	禁止养鸡,https://www.douban.com/note/734111123/
辛亥回眸：断裂还是延续？	https://www.douban.com/note/177571636/	893	辛亥回眸：断裂还是延续？,https://www.douban.com/note/177571636/
天生优秀的人才	https://www.douban.com/note/734111428/	895	天生优秀的人才,https://www.douban.com/note/734111428/
我也不愿意一直醒着	https://www.douban.com/note/540458139/	896	我也不愿意一直醒着,https://www.douban.com/note/540458139/
记忆之城	https://www.douban.com/note/753357342/	898	记忆之城,https://www.douban.com/note/753357342/
弱水庐诗词稿	https://www.douban.com/note/272376575/	899	弱水庐诗词稿,https://www.douban.com/note/272376575/
记忆之城 二	https://www.douban.com/note/753534214/	901	记忆之城 二,https://www.douban.com/note/753534214/
宝塔救火	https://www.douban.com/note/814390503/	902	宝塔救火,https://www.douban.com/note/814390503/
记忆之城 三	https://www.douban.com/note/753815936/	904	记忆之城 三,https://www.douban.com/note/753815936/
这是最孤独的游戏，没有之一	https://www.douban.com/note/773285281/	905	这是最孤独的游戏，没有之一,https://www.douban.com/note/773285281/
记忆之城 四	https://www.douban.com/note/754497431/	907	记忆之城 四,https://www.douban.com/note/754497431/
《地下铁圣母》	https://www.douban.com/note/738003406/	908	《地下铁圣母》,https://www.douban.com/note/738003406/
记忆之城 五	https://www.douban.com/note/755273274/	910	记忆之城 五,https://www.douban.com/note/755273274/
仰天螺	https://www.douban.com/note/645038098/	911	仰天螺,https://www.douban.com/note/645038098/
记忆之城 六	https://www.douban.com/note/756678212/	913	记忆之城 六,https://www.douban.com/note/756678212/
“到此一游”考	https://www.douban.com/note/381885178/	914	“到此一游”考,https://www.douban.com/note/381885178/
记忆之城七	https://www.douban.com/note/757075950/	916	记忆之城七,https://www.douban.com/note/757075950/
像去年的雪一样被遗忘：在隔绝中孤独变老的涅涅茨女性	https://www.douban.com/note/828889627/	917	像去年的雪一样被遗忘：在隔绝中孤独变老的涅涅茨女性,https://www.douban.com/note/828889627/
记忆之城 八	https://www.douban.com/note/757298621/	919	记忆之城 八,https://www.douban.com/note/757298621/
我所遭遇的狐仙一事	https://www.douban.com/note/609525038/	920	我所遭遇的狐仙一事,https://www.douban.com/note/609525038/
记忆之城 九	https://www.douban.com/note/757770674/	922	记忆之城 九,https://www.douban.com/note/757770674/
做梦	https://www.douban.com/note/621642578/	923	做梦,https://www.douban.com/note/621642578/
记忆之城 九	https://www.douban.com/note/758399052/	925	记忆之城 九,https://www.douban.com/note/758399052/
絮絮叨叨的年终盘点	https://www.douban.com/note/822640775/	926	絮絮叨叨的年终盘点,https://www.douban.com/note/822640775/
记忆之城 十	https://www.douban.com/note/759998222/	928	记忆之城 十,https://www.douban.com/note/759998222/
英年早逝的老虎	https://www.douban.com/note/779902670/	929	英年早逝的老虎,https://www.douban.com/note/779902670/
2020年	https://www.douban.com/note/789873714/	932	2020年,https://www.douban.com/note/789873714/
命学与科学	https://www.douban.com/note/363381385/	935	命学与科学,https://www.douban.com/note/363381385/
苟富贵，就忘了吧	https://www.douban.com/note/761282540/	938	苟富贵，就忘了吧,https://www.douban.com/note/761282540/
假日观念的变迁	https://www.douban.com/note/134094672/	941	假日观念的变迁,https://www.douban.com/note/134094672/
从阴阳的角度理解“握固”	https://www.douban.com/note/591575441/	944	从阴阳的角度理解“握固”,https://www.douban.com/note/591575441/
即使永恒无名	https://www.douban.com/note/862942290/	947	即使永恒无名,https://www.douban.com/note/862942290/
6月25日，世界杯意大利、希腊对战爻例两则	https://www.douban.com/note/363062224/	950	6月25日，世界杯意大利、希腊对战爻例两则,https://www.douban.com/note/363062224/
小说的创作可能是这样的	https://www.douban.com/note/700574170/	953	小说的创作可能是这样的,https://www.douban.com/note/700574170/
老城之死	https://www.douban.com/note/248976421/	956	老城之死,https://www.douban.com/note/248976421/
有关于加拿大“炮王”事件一点感想	https://www.douban.com/note/564340349/	959	有关于加拿大“炮王”事件一点感想,https://www.douban.com/note/564340349/
国之利器不可以示人	https://www.douban.com/note/227412837/	962	国之利器不可以示人,https://www.douban.com/note/227412837/
说个小道理	https://www.douban.com/note/183892076/	965	说个小道理,https://www.douban.com/note/183892076/
改嫁	https://www.douban.com/note/262778847/	968	改嫁,https://www.douban.com/note/262778847/
为什么美国不会有高铁	https://www.douban.com/note/143957894/	971	为什么美国不会有高铁,https://www.douban.com/note/143957894/
你是只会比赛的机器人吗？	https://www.douban.com/note/228311097/	974	你是只会比赛的机器人吗？,https://www.douban.com/note/228311097/
被消费的“主旋律”——抗日神剧背后的“意识形态”	https://www.douban.com/note/500877244/	977	被消费的“主旋律”——抗日神剧背后的“意识形态”,https://www.douban.com/note/500877244/
未被制度化的知识	https://www.douban.com/note/355270583/	980	未被制度化的知识,https://www.douban.com/note/355270583/
妖怪阿香	https://www.douban.com/note/661745415/	983	妖怪阿香,https://www.douban.com/note/661745415/
屠格涅夫	https://www.douban.com/note/773157522/	986	屠格涅夫,https://www.douban.com/note/773157522/
文化与制度	https://www.douban.com/note/209163919/	989	文化与制度,https://www.douban.com/note/209163919/
尤里·库珀：《莫斯科静物》	https://www.douban.com/note/265889302/	992	尤里·库珀：《莫斯科静物》,https://www.douban.com/note/265889302/
言传、身教、爱	https://www.douban.com/note/583626601/	995	言传、身教、爱,https://www.douban.com/note/583626601/
怨憎会	https://www.douban.com/note/243805225/	998	怨憎会,https://www.douban.com/note/243805225/
人口普查的政治	https://www.douban.com/note/96877242/	1001	人口普查的政治,https://www.douban.com/note/96877242/
烧纸	https://www.douban.com/note/456942940/	1004	烧纸,https://www.douban.com/note/456942940/
目的在别处	https://www.douban.com/note/352847547/	1007	目的在别处,https://www.douban.com/note/352847547/
老声	https://www.douban.com/note/253973525/	1010	老声,https://www.douban.com/note/253973525/
历史感	https://www.douban.com/note/95372474/	1013	历史感,https://www.douban.com/note/95372474/
豬肉黨興亡筆記	https://www.douban.com/note/170130371/	1016	豬肉黨興亡筆記,https://www.douban.com/note/170130371/
五囊子	https://www.douban.com/note/223601775/	1019	五囊子,https://www.douban.com/note/223601775/
都江堰·青城山	https://www.douban.com/note/393084559/	1022	都江堰·青城山,https://www.douban.com/note/393084559/
卑微的力量 ——《青苔不会消失》自序	https://www.douban.com/note/620332047/	1025	卑微的力量 ——《青苔不会消失》自序,https://www.douban.com/note/620332047/
中国的海上扩张	https://www.douban.com/note/153378007/	1028	中国的海上扩张,https://www.douban.com/note/153378007/
离土未离乡：张晖与故乡文献	https://www.douban.com/note/280798332/	1031	离土未离乡：张晖与故乡文献,https://www.douban.com/note/280798332/
这一代人的恐惧与焦虑	https://www.douban.com/note/223427062/	1034	这一代人的恐惧与焦虑,https://www.douban.com/note/223427062/
女性不是难题，而是解决之道	https://www.douban.com/note/488290065/	1037	女性不是难题，而是解决之道,https://www.douban.com/note/488290065/
卢俊义与郭德纲	https://www.douban.com/note/687296838/	1040	卢俊义与郭德纲,https://www.douban.com/note/687296838/
成都	https://www.douban.com/note/392837353/	1043	成都,https://www.douban.com/note/392837353/
苏维埃电子乐温情指南	https://www.douban.com/note/621714211/	1046	苏维埃电子乐温情指南,https://www.douban.com/note/621714211/
空蝉	https://www.douban.com/note/435069593/	1049	空蝉,https://www.douban.com/note/435069593/
归属	https://www.douban.com/note/249697193/	1052	归属,https://www.douban.com/note/249697193/
苏维埃核子大战人民防御指南	https://www.douban.com/note/754803124/	1055	苏维埃核子大战人民防御指南,https://www.douban.com/note/754803124/
琴弦上的哈姆雷特——维索茨基的诗与歌【进行中】	https://www.douban.com/note/243495667/	1058	琴弦上的哈姆雷特——维索茨基的诗与歌【进行中】,https://www.douban.com/note/243495667/
两点易学体悟	https://www.douban.com/note/653120382/	1061	两点易学体悟,https://www.douban.com/note/653120382/
一只脚踏进后现代	https://www.douban.com/note/180917838/	1064	一只脚踏进后现代,https://www.douban.com/note/180917838/
（阿痴）春气伤人	https://www.douban.com/topic/475330566/?_spm_id=ODUxMjY1ODI	1067	（阿痴）春气伤人,https://www.douban.com/topic/475330566/?_spm_id=ODUxMjY1ODI
作为公共戏剧、大众童话和消费盛宴的王室婚礼	https://www.douban.com/note/148595905/	1070	作为公共戏剧、大众童话和消费盛宴的王室婚礼,https://www.douban.com/note/148595905/
赶女人回家是新自由主义治理下的陷阱	https://www.douban.com/note/495720535/	1073	赶女人回家是新自由主义治理下的陷阱,https://www.douban.com/note/495720535/
“到原来那里去”	https://www.douban.com/note/230857477/	1076	“到原来那里去”,https://www.douban.com/note/230857477/
老老实实吃草的牛	https://www.douban.com/note/312476339/	1079	老老实实吃草的牛,https://www.douban.com/note/312476339/
三个怪逼	https://www.douban.com/note/301516645/	1082	三个怪逼,https://www.douban.com/note/301516645/
苏州	https://www.douban.com/note/358802676/	1085	苏州,https://www.douban.com/note/358802676/
Hyperborea: 寻找俄国北方的「亚特兰蒂斯」	https://www.douban.com/note/697990775/	1088	Hyperborea: 寻找俄国北方的「亚特兰蒂斯」,https://www.douban.com/note/697990775/
（悦然的日记）有关《白色旅馆》，回小号白同学	https://www.douban.com/note/39924689/	1091	（悦然的日记）有关《白色旅馆》，回小号白同学,https://www.douban.com/note/39924689/
卡梅隆的偶像、苏联特摄片之父、星空幻想家：克鲁杉采夫	https://www.douban.com/note/726952654/	1094	卡梅隆的偶像、苏联特摄片之父、星空幻想家：克鲁杉采夫,https://www.douban.com/note/726952654/
老子说	https://www.douban.com/note/707577274/	1097	老子说,https://www.douban.com/note/707577274/
塔	https://www.douban.com/note/557717010/	1100	塔,https://www.douban.com/note/557717010/
消失	https://www.douban.com/note/166936395/	1103	消失,https://www.douban.com/note/166936395/
老杨	https://www.douban.com/note/581922639/	1106	老杨,https://www.douban.com/note/581922639/
生老病死	https://www.douban.com/note/333724096/	1109	生老病死,https://www.douban.com/note/333724096/
易学从哪里入门，如何入门，要看哪些书籍	https://www.douban.com/note/604726378/	1112	易学从哪里入门，如何入门，要看哪些书籍,https://www.douban.com/note/604726378/
电动杀人	https://www.douban.com/note/563556199/	1115	电动杀人,https://www.douban.com/note/563556199/
2025盘点之一：地球ONLINE与离线	https://www.douban.com/note/877194431/	1118	2025盘点之一：地球ONLINE与离线,https://www.douban.com/note/877194431/
我再也不偷庄稼吃了	https://www.douban.com/note/636785168/	1121	我再也不偷庄稼吃了,https://www.douban.com/note/636785168/
我更关心白色绷带和连环杀人犯	https://www.douban.com/note/710309562/	1124	我更关心白色绷带和连环杀人犯,https://www.douban.com/note/710309562/
为了伏特加，芬兰人不停喝死在苏联	https://www.douban.com/note/808761685/	1127	为了伏特加，芬兰人不停喝死在苏联,https://www.douban.com/note/808761685/
故事 | 你是我爸爸	https://www.douban.com/note/579511245/	1130	故事 | 你是我爸爸,https://www.douban.com/note/579511245/
悬崖上的苦行僧	https://www.douban.com/note/847730721/	1133	悬崖上的苦行僧,https://www.douban.com/note/847730721/
梦 | 梦见了王二，他说他饿	https://www.douban.com/note/588388422/	1136	梦 | 梦见了王二，他说他饿,https://www.douban.com/note/588388422/
春天里的两场死亡	https://www.douban.com/note/712481238/	1139	春天里的两场死亡,https://www.douban.com/note/712481238/
假如中国打赢了甲午战争	https://www.douban.com/note/379235990/	1142	假如中国打赢了甲午战争,https://www.douban.com/note/379235990/
秘闻	https://www.douban.com/note/700450665/	1145	秘闻,https://www.douban.com/note/700450665/
论长篇小说中的微观叙事技巧	https://www.douban.com/note/840703231/	1148	论长篇小说中的微观叙事技巧,https://www.douban.com/note/840703231/
那些年龄相差10~20岁的爱人们	https://www.douban.com/note/767980785/	1151	那些年龄相差10~20岁的爱人们,https://www.douban.com/note/767980785/
《胡雪岩》里的小谬误	https://www.douban.com/note/553349764/	1154	《胡雪岩》里的小谬误,https://www.douban.com/note/553349764/
叶行一、道法大会、赶房术	https://www.douban.com/note/612668645/	1157	叶行一、道法大会、赶房术,https://www.douban.com/note/612668645/
住在上海	https://www.douban.com/note/356242030/	1160	住在上海,https://www.douban.com/note/356242030/
一个单位就像一个村庄	https://www.douban.com/note/123261247/	1163	一个单位就像一个村庄,https://www.douban.com/note/123261247/
论莎士比亚的核心创作驱动	https://www.douban.com/note/840826659/	1166	论莎士比亚的核心创作驱动,https://www.douban.com/note/840826659/
故宫雪景	https://www.douban.com/note/608139386/	1169	故宫雪景,https://www.douban.com/note/608139386/
足球是一场不死的梦	https://www.douban.com/note/683334336/	1172	足球是一场不死的梦,https://www.douban.com/note/683334336/
笑还是不笑，这是个问题	https://www.douban.com/note/245208119/	1175	笑还是不笑，这是个问题,https://www.douban.com/note/245208119/
肖斯塔科维奇、音乐家们的泡沫伊甸园	https://www.douban.com/note/848463763/	1178	肖斯塔科维奇、音乐家们的泡沫伊甸园,https://www.douban.com/note/848463763/
“古怪食物”不过是一种文化排斥反应	https://www.douban.com/note/161218560/	1181	“古怪食物”不过是一种文化排斥反应,https://www.douban.com/note/161218560/
重绘中东政治地图	https://www.douban.com/note/139651835/	1184	重绘中东政治地图,https://www.douban.com/note/139651835/
新编舟记	https://www.douban.com/note/396679593/	1187	新编舟记,https://www.douban.com/note/396679593/
没有故乡的德意志人	https://www.douban.com/note/807907049/	1190	没有故乡的德意志人,https://www.douban.com/note/807907049/
孤独	https://www.douban.com/note/587612154/	1193	孤独,https://www.douban.com/note/587612154/
历史地理学的想像力	https://www.douban.com/note/350414622/	1196	历史地理学的想像力,https://www.douban.com/note/350414622/
狐帽	https://www.douban.com/note/806209331/	1199	狐帽,https://www.douban.com/note/806209331/
弃子之歌	https://www.douban.com/note/164453732/	1202	弃子之歌,https://www.douban.com/note/164453732/
对意义的消费也不过是消费的一种	https://www.douban.com/note/148391995/	1205	对意义的消费也不过是消费的一种,https://www.douban.com/note/148391995/
我的日本老师	https://www.douban.com/note/141050548/	1208	我的日本老师,https://www.douban.com/note/141050548/
小谈“趋利避害”	https://www.douban.com/note/219274967/	1211	小谈“趋利避害”,https://www.douban.com/note/219274967/
石头城公主	https://www.douban.com/note/716588727/	1214	石头城公主,https://www.douban.com/note/716588727/
易海十年	https://www.douban.com/note/853886218/	1217	易海十年,https://www.douban.com/note/853886218/
宇宙老爹	https://www.douban.com/note/244180788/	1220	宇宙老爹,https://www.douban.com/note/244180788/
阿迪达斯，以及冷战时期的球鞋野史	https://www.douban.com/note/808668898/	1223	阿迪达斯，以及冷战时期的球鞋野史,https://www.douban.com/note/808668898/
流浪汉	https://www.douban.com/note/576678062/	1226	流浪汉,https://www.douban.com/note/576678062/
石头为何比黄金贵	https://www.douban.com/note/102325259/	1229	石头为何比黄金贵,https://www.douban.com/note/102325259/
（袁长庚）掉队的人	https://www.douban.com/note/767588304/	1232	（袁长庚）掉队的人,https://www.douban.com/note/767588304/
6月24日，世界杯澳大利亚、西班牙对战爻例两则	https://www.douban.com/note/363062096/	1235	6月24日，世界杯澳大利亚、西班牙对战爻例两则,https://www.douban.com/note/363062096/
塔可夫斯基谈战争、创作与精神危机（1981年）	https://www.douban.com/note/843538998/	1238	塔可夫斯基谈战争、创作与精神危机（1981年）,https://www.douban.com/note/843538998/
大河	https://www.douban.com/note/578135486/	1241	大河,https://www.douban.com/note/578135486/
论时空旅行对人文社科研究的影响	https://www.douban.com/note/165606363/	1244	论时空旅行对人文社科研究的影响,https://www.douban.com/note/165606363/
二零一一 · 短长书	https://www.douban.com/note/189675939/	1247	二零一一 · 短长书,https://www.douban.com/note/189675939/
自恋者中的黄金圣斗士	https://www.douban.com/note/694296920/	1250	自恋者中的黄金圣斗士,https://www.douban.com/note/694296920/
北京初雪，光阴细碎	https://www.douban.com/note/593156706/	1253	北京初雪，光阴细碎,https://www.douban.com/note/593156706/
三个喀山人	https://www.douban.com/note/290578550/	1256	三个喀山人,https://www.douban.com/note/290578550/
西北偏北，新娘一定很美	https://www.douban.com/note/150114870/	1259	西北偏北，新娘一定很美,https://www.douban.com/note/150114870/
吸血鬼故乡的田园牧歌	https://www.douban.com/note/838255410/	1262	吸血鬼故乡的田园牧歌,https://www.douban.com/note/838255410/
他曾真正活过	https://www.douban.com/note/336480324/	1265	他曾真正活过,https://www.douban.com/note/336480324/
不敢奢求	https://www.douban.com/note/687128713/	1268	不敢奢求,https://www.douban.com/note/687128713/
（大鲸的日记 ）宿醉	https://www.douban.com/note/840152715/	1271	（大鲸的日记 ）宿醉,https://www.douban.com/note/840152715/
人生何处不荒凉	https://www.douban.com/note/842041030/	1274	人生何处不荒凉,https://www.douban.com/note/842041030/
少有人吃过的新余绝世美食	https://www.douban.com/note/682223609/	1277	少有人吃过的新余绝世美食,https://www.douban.com/note/682223609/
神秘属性的信仰	https://www.douban.com/note/140155485/	1280	神秘属性的信仰,https://www.douban.com/note/140155485/
性情	https://www.douban.com/note/146165883/	1283	性情,https://www.douban.com/note/146165883/
寒冷折磨我	https://www.douban.com/note/701459550/	1286	寒冷折磨我,https://www.douban.com/note/701459550/
随想	https://www.douban.com/note/574467195/	1289	随想,https://www.douban.com/note/574467195/
女娲和伏羲为什么是人首蛇身	https://www.douban.com/note/612986638/	1292	女娲和伏羲为什么是人首蛇身,https://www.douban.com/note/612986638/
帝国百年	https://www.douban.com/note/200743337/	1295	帝国百年,https://www.douban.com/note/200743337/
祖合拉，黎明前的最后一缕微光	https://www.douban.com/note/726960017/	1298	祖合拉，黎明前的最后一缕微光,https://www.douban.com/note/726960017/
馄饨、饺子与扁食	https://www.douban.com/note/330032016/	1301	馄饨、饺子与扁食,https://www.douban.com/note/330032016/
中国式生存主义	https://www.douban.com/note/140401299/	1304	中国式生存主义,https://www.douban.com/note/140401299/
朝鲜图说	https://www.douban.com/note/38424586/	1307	朝鲜图说,https://www.douban.com/note/38424586/
醉翁之意不在酒——评李世默和福山的对话	https://www.douban.com/note/491583770/	1310	醉翁之意不在酒——评李世默和福山的对话,https://www.douban.com/note/491583770/
忍耐	https://www.douban.com/note/689029607/	1313	忍耐,https://www.douban.com/note/689029607/
无题	https://www.douban.com/note/610411781/	1316	无题,https://www.douban.com/note/610411781/
富贵命亦有难关	https://www.douban.com/note/684266619/	1319	富贵命亦有难关,https://www.douban.com/note/684266619/
柒年已过	https://www.douban.com/note/160130146/	1322	柒年已过,https://www.douban.com/note/160130146/
想像古代	https://www.douban.com/note/167940261/	1325	想像古代,https://www.douban.com/note/167940261/
敏感的沙漠	https://www.douban.com/note/43470911/	1328	敏感的沙漠,https://www.douban.com/note/43470911/
在外太空，易学预测系统还适不适用？	https://www.douban.com/note/608104369/	1331	在外太空，易学预测系统还适不适用？,https://www.douban.com/note/608104369/
Z城欢迎你	https://www.douban.com/note/312112980/	1334	Z城欢迎你,https://www.douban.com/note/312112980/
向西，或一路向北	https://www.douban.com/note/187932989/	1337	向西，或一路向北,https://www.douban.com/note/187932989/
近作	https://www.douban.com/note/279269640/	1340	近作,https://www.douban.com/note/279269640/
（海伯利安的日记）无题	https://www.douban.com/note/857689497/	1343	（海伯利安的日记）无题,https://www.douban.com/note/857689497/
“这就是大自然的法则吧。她什么都知道，她永远正确。”	https://www.douban.com/note/837412384/	1346	“这就是大自然的法则吧。她什么都知道，她永远正确。”,https://www.douban.com/note/837412384/
解药	https://www.douban.com/note/653706787/	1349	解药,https://www.douban.com/note/653706787/
威权型自由主义者	https://www.douban.com/note/141465824/	1352	威权型自由主义者,https://www.douban.com/note/141465824/
“我无所谓，我笑眯眯”	https://www.douban.com/note/700799331/	1355	“我无所谓，我笑眯眯”,https://www.douban.com/note/700799331/
乌萨马·本·拉登还活着吗？	https://www.douban.com/note/148599273/	1358	乌萨马·本·拉登还活着吗？,https://www.douban.com/note/148599273/
外电报道：革命国家的镜像认同	https://www.douban.com/note/177641153/	1361	外电报道：革命国家的镜像认同,https://www.douban.com/note/177641153/
完事儿就消失	https://www.douban.com/note/299858520/	1364	完事儿就消失,https://www.douban.com/note/299858520/
战乱遗迹：阿富汗的苏联小区	https://www.douban.com/note/810444539/	1367	战乱遗迹：阿富汗的苏联小区,https://www.douban.com/note/810444539/
不过是读书而已	https://www.douban.com/note/138134160/	1370	不过是读书而已,https://www.douban.com/note/138134160/
歌儿为什么这样红	https://www.douban.com/note/158893484/	1373	歌儿为什么这样红,https://www.douban.com/note/158893484/
上海的黄昏	https://www.douban.com/note/427698781/	1376	上海的黄昏,https://www.douban.com/note/427698781/
《荒野是没有任何意义的》	https://www.douban.com/note/717774363/	1379	《荒野是没有任何意义的》,https://www.douban.com/note/717774363/
【破土专访】赵月枝：解构与重构“主流”	https://www.douban.com/note/493860564/	1382	【破土专访】赵月枝：解构与重构“主流”,https://www.douban.com/note/493860564/
虎口脱险	https://www.douban.com/note/240581421/	1385	虎口脱险,https://www.douban.com/note/240581421/
那种巨大的痛苦，可能导致神经病的痛苦，从哪里来？	https://www.douban.com/note/687693015/	1388	那种巨大的痛苦，可能导致神经病的痛苦，从哪里来？,https://www.douban.com/note/687693015/
我的学生小白	https://www.douban.com/note/700552054/	1391	我的学生小白,https://www.douban.com/note/700552054/
《工人和他的妻子》	https://www.douban.com/note/726815658/	1394	《工人和他的妻子》,https://www.douban.com/note/726815658/
棋牌室风波	https://www.douban.com/note/166961809/	1397	棋牌室风波,https://www.douban.com/note/166961809/
中国特色的命名	https://www.douban.com/note/247332230/	1400	中国特色的命名,https://www.douban.com/note/247332230/
我和我的疾病	https://www.douban.com/note/684436223/	1403	我和我的疾病,https://www.douban.com/note/684436223/
吸血赛车，1981年的捷克黑色幽默恐怖片	https://www.douban.com/note/726701545/	1406	吸血赛车，1981年的捷克黑色幽默恐怖片,https://www.douban.com/note/726701545/
我之为我与舍身饲虎	https://www.douban.com/note/843287929/	1409	我之为我与舍身饲虎,https://www.douban.com/note/843287929/
有话好好说	https://www.douban.com/note/128321152/	1412	有话好好说,https://www.douban.com/note/128321152/
下午2点至3点40的大英博物馆	https://www.douban.com/note/293844683/	1415	下午2点至3点40的大英博物馆,https://www.douban.com/note/293844683/
当世界上最后一个人遇到最后一只哺乳动物	https://www.douban.com/note/610802250/	1418	当世界上最后一个人遇到最后一只哺乳动物,https://www.douban.com/note/610802250/
从后向前看的文明交流史观	https://www.douban.com/note/410804724/	1421	从后向前看的文明交流史观,https://www.douban.com/note/410804724/
中国式中间层	https://www.douban.com/note/346402595/	1424	中国式中间层,https://www.douban.com/note/346402595/
闲话闲说	https://www.douban.com/note/626766645/	1427	闲话闲说,https://www.douban.com/note/626766645/
文革图说	https://www.douban.com/note/38424405/	1430	文革图说,https://www.douban.com/note/38424405/
午夜我爸	https://www.douban.com/note/723339194/	1433	午夜我爸,https://www.douban.com/note/723339194/
它们来自另一个世界	https://www.douban.com/note/113985857/	1436	它们来自另一个世界,https://www.douban.com/note/113985857/
真相	https://www.douban.com/note/142388461/	1439	真相,https://www.douban.com/note/142388461/
鳌山风水考	https://www.douban.com/note/230620643/	1442	鳌山风水考,https://www.douban.com/note/230620643/
伦敦需要奥运会	https://www.douban.com/note/227873827/	1445	伦敦需要奥运会,https://www.douban.com/note/227873827/
梦 | 您好，我是2083，我叫爱因斯坦	https://www.douban.com/note/577789613/	1448	梦 | 您好，我是2083，我叫爱因斯坦,https://www.douban.com/note/577789613/
白色眉毛与水族馆	https://www.douban.com/note/747578144/	1451	白色眉毛与水族馆,https://www.douban.com/note/747578144/
入侵	https://www.douban.com/note/161422447/	1454	入侵,https://www.douban.com/note/161422447/
美国大选中的男子气概	https://www.douban.com/note/204672529/	1457	美国大选中的男子气概,https://www.douban.com/note/204672529/
美国失去的十年	https://www.douban.com/note/120080036/	1460	美国失去的十年,https://www.douban.com/note/120080036/
一九八七	https://www.douban.com/note/186035101/	1463	一九八七,https://www.douban.com/note/186035101/
河洛起源猜想	https://www.douban.com/note/588866840/	1466	河洛起源猜想,https://www.douban.com/note/588866840/
